match_id,date,target,oof_prob_raw,oof_prob_calibrated,team1_name,team2_name
74622,2026-02-20 00:00:00+00:00,0,0.6289860278370825,0.6605701556873959,Karmine Corp,G2 Esports
74673,2026-02-20 00:00:00+00:00,1,0.5916160584026462,0.6257126127107353,Dplus KIA,DN SOOPers
74687,2026-02-20 00:00:00+00:00,0,0.6695280956366593,0.6980581005594871,Dragons Esports,3BL Esports
74690,2026-02-20 00:00:00+00:00,1,0.5106756715820048,0.5490611550599978,Anubis Gaming,GnG Amazigh
74714,2026-02-20 00:00:00+00:00,0,0.24755541826847574,0.2851673879154326,Joblife,French Flair
74715,2026-02-20 00:00:00+00:00,1,0.39898238396919045,0.44018054066951284,Galions,French Flair
74716,2026-02-20 00:00:00+00:00,1,0.6686279413012988,0.6972291738434955,Galions,Joblife
74613,2026-02-21 00:00:00+00:00,1,0.5027964378906525,0.5415061452921938,GIANTX,Team Heretics
74616,2026-02-21 00:00:00+00:00,0,0.4218647687995025,0.46281774985985275,Fnatic,Team Vitality
74678,2026-02-21 00:00:00+00:00,1,0.7386824016168776,0.7613371471031876,Gen.G,BNK FearX
74604,2026-02-22 00:00:00+00:00,1,0.49370116559657706,0.5327629884555347,Cloud9,Sentinels
74754,2026-02-22 00:00:00+00:00,0,0.5152557173067811,0.5534446790381868,T1,Dplus KIA
74811,2026-02-22 00:00:00+00:00,0,0.4616002094294267,0.5017081545094811,Los Grandes,FURIA
74816,2026-02-22 00:00:00+00:00,0,0.6248511424911,0.6567281982781691,Natus Vincere,GIANTX
74819,2026-02-22 00:00:00+00:00,0,0.3718308436060884,0.41307603395243037,Team Vitality,Karmine Corp
74319,2026-02-23 00:00:00+00:00,1,0.4115438780051925,0.4526300681283662,T1 Esports Academy,KT Rolster Challengers
74324,2026-02-23 00:00:00+00:00,0,0.39854633382161947,0.439747371777952,DN SOOPers Challengers,Nongshim Esports Academy
74827,2026-02-23 00:00:00+00:00,1,0.4816775597213519,0.5211676580720528,G2 Esports,Movistar KOI
74427,2026-02-24 00:00:00+00:00,1,0.5595606112207718,0.5955554938080977,JD Gaming,Top Esports
74432,2026-02-24 00:00:00+00:00,1,0.6530305079853227,0.6828419720255556,Anyone s Legend,Team WE
74699,2026-02-24 00:00:00+00:00,1,0.5696597771700889,0.6050835164984684,eSuba,Priority
74736,2026-02-24 00:00:00+00:00,1,0.44807622119573054,0.4885294639410335,3BL Esports,Anubis Gaming
74739,2026-02-24 00:00:00+00:00,1,0.6400655719556052,0.6708473232624835,FN Esports,BAAM Esports
74857,2026-02-24 00:00:00+00:00,0,0.5708583146295404,0.6062125992951152,DN SOOPers Challengers,KRX Challengers
74867,2026-02-24 00:00:00+00:00,1,0.6452985183577931,0.6756926407056567,French Flair,Skillcamp
74437,2026-02-25 00:00:00+00:00,0,0.3753973883378936,0.41665200648276884,Invictus Gaming,Weibo Gaming
74442,2026-02-25 00:00:00+00:00,1,0.5648718391011541,0.6005695108660698,Bilibili Gaming,Ninjas in Pyjamas
74704,2026-02-25 00:00:00+00:00,1,0.5764396963126726,0.6114659317542517,CITA Kaizen,EXILE esports
74744,2026-02-25 00:00:00+00:00,1,0.7705075213757091,0.7902323269892135,WLGaming Esports,GOAL
74862,2026-02-25 00:00:00+00:00,1,0.4023657406228757,0.4435392339549494,T1 Esports Academy,Nongshim Esports Academy
74872,2026-02-25 00:00:00+00:00,0,0.4342736155066541,0.4750184277462452,Joblife,TLN Pirates
74894,2026-02-25 00:00:00+00:00,1,0.5750408594908896,0.6101500221362617,BAAM Esports,3BL Esports
74579,2026-02-26 00:00:00+00:00,1,0.6190869295352974,0.651366301322277,Team Secret Whales,Deep Cross Gaming
74709,2026-02-26 00:00:00+00:00,0,0.5810583015155345,0.6158073899886345,BRUTE,Nightbirds
74749,2026-02-26 00:00:00+00:00,0,0.42242796903703606,0.4633726288581997,Team Insidious,Team Phantasma
74783,2026-02-26 00:00:00+00:00,1,0.4731297319729878,0.5128979742250128,S2G Esports,Bushido Wildcats
74877,2026-02-26 00:00:00+00:00,1,0.5546270109119392,0.5908916190257552,Solary,Galions
74899,2026-02-26 00:00:00+00:00,0,0.3937802280085579,0.43500830438180016,KRX Challengers,KT Rolster Challengers
74904,2026-02-26 00:00:00+00:00,1,0.3635074646150323,0.40471182064972877,JD Gaming,Anyone s Legend
74924,2026-02-26 00:00:00+00:00,1,0.6407833353833688,0.6715122433266021,FN Esports,BAAM Esports
74574,2026-02-27 00:00:00+00:00,0,0.5733815651233867,0.6085884814567277,Ground Zero Gaming,Fukuoka SoftBank HAWKS gaming
74832,2026-02-27 00:00:00+00:00,0,0.30961559292337654,0.34988576568807095,GIANTX,Karmine Corp
74852,2026-02-27 00:00:00+00:00,1,0.4481302030893913,0.48858218370003914,LYON,Team Liquid
74935,2026-02-27 00:00:00+00:00,1,0.6456862187334352,0.6760514050718982,Bilibili Gaming,Weibo Gaming
74822,2026-02-28 00:00:00+00:00,1,0.44040966964864997,0.48103256485079615,BNK FearX,Dplus KIA
74837,2026-02-28 00:00:00+00:00,1,0.4529174910945738,0.49325381684628866,RED Canids,FURIA
74914,2026-02-28 00:00:00+00:00,1,0.49853054196682195,0.5374083815720659,Top Esports,Team WE
74951,2026-02-28 00:00:00+00:00,0,0.40633780942812153,0.4474771597525751,Team Phantasma,WLGaming Esports
74991,2026-02-28 00:00:00+00:00,0,0.3172635970351361,0.35773991209657496,Fukuoka SoftBank HAWKS gaming,Deep Cross Gaming
75006,2026-02-28 00:00:00+00:00,0,0.524730794334941,0.5624946998211287,Sentinels,LYON
75011,2026-02-28 00:00:00+00:00,0,0.3626335505292773,0.40383207549716815,Movistar KOI,Karmine Corp
74919,2026-03-01 00:00:00+00:00,1,0.33503483651122834,0.3758941799478174,Invictus Gaming,Ninjas in Pyjamas
74996,2026-03-01 00:00:00+00:00,1,0.7343691583584856,0.7574113799489799,Gen.G,BNK FearX
75001,2026-03-01 00:00:00+00:00,1,0.6474346382120546,0.6776689619559229,Team Secret Whales,Deep Cross Gaming
75048,2026-03-01 00:00:00+00:00,1,0.5088664947615192,0.5473279821966679,LOUD,RED Canids
75053,2026-03-01 00:00:00+00:00,1,0.4508635924993468,0.49125043832157295,G2 Esports,Karmine Corp
75058,2026-03-01 00:00:00+00:00,0,0.6038113280831983,0.6371220138844795,Cloud9,LYON
74940,2026-03-02 00:00:00+00:00,0,0.4514858460061718,0.4918575287061795,KT Rolster Challengers,Nongshim Esports Academy
75063,2026-03-02 00:00:00+00:00,1,0.5535734687193902,0.5898948750049592,Weibo Gaming,Top Esports
74956,2026-03-03 00:00:00+00:00,0,0.5703613120464258,0.6057444404695688,eSuba,CITA Kaizen
75068,2026-03-03 00:00:00+00:00,0,0.2536511055399475,0.2916060436612067,Invictus Gaming,Anyone s Legend
75096,2026-03-03 00:00:00+00:00,0,0.4984253389601369,0.5373072586153959,T1 Esports Academy,Nongshim Esports Academy
75016,2026-03-04 00:00:00+00:00,1,0.77095564317205,0.7906383791701137,French Flair,TLN Pirates
75073,2026-03-04 00:00:00+00:00,0,0.27135670812505874,0.31020343216738355,JD Gaming,Bilibili Gaming
75151,2026-03-04 00:00:00+00:00,0,0.1510036568041987,0.1804221773609205,Lupus Esports,Partizan Sangal
75190,2026-03-04 00:00:00+00:00,0,0.4958620724378434,0.5348424107336976,Cloud9,FURIA
75193,2026-03-04 00:00:00+00:00,0,0.4967769464445912,0.5357223763367052,RED Canids,Sentinels
75196,2026-03-05 00:00:00+00:00,0,0.6448480930135144,0.6752757954097894,Anyone s Legend,Weibo Gaming
75201,2026-03-05 00:00:00+00:00,0,0.43531031125751746,0.4760353988213302,Lenovo Legion Honved,Lupus Esports
75206,2026-03-05 00:00:00+00:00,1,0.4699701523125395,0.5098355731784847,Unicorns of Love Sexy Edition,Eintracht Spandau
75211,2026-03-05 00:00:00+00:00,1,0.5341406971166917,0.5714582200284135,Cloud9,RED Canids
75221,2026-03-05 00:00:00+00:00,1,0.297822916097541,0.33772510958143404,Galions,French Flair
74986,2026-03-06 00:00:00+00:00,1,0.8165492794283996,0.8318606918380158,Misa Esports,S2G Esports
75043,2026-03-06 00:00:00+00:00,1,0.7946077484541975,0.8120430642173382,HMBLE,Colossal Gaming
75216,2026-03-06 00:00:00+00:00,1,0.5433675789154508,0.5802244340355793,FURIA,Sentinels
75231,2026-03-06 00:00:00+00:00,1,0.6830344875957599,0.710478285788179,BRUTE,CITA Kaizen
75236,2026-03-06 00:00:00+00:00,0,0.14728112120119868,0.17626706883077792,Lupus Esports,Partizan Sangal
75239,2026-03-06 00:00:00+00:00,0,0.3175774290696892,0.35806166512179444,DMG Esports,Verdant
75244,2026-03-06 00:00:00+00:00,1,0.6882162984833685,0.7152348884240698,Solary,Galions
75254,2026-03-06 00:00:00+00:00,0,0.44277643272583195,0.4833489954848186,Forsaken,Barczaca Esports
75226,2026-03-07 00:00:00+00:00,1,0.47945647112040957,0.5190209685300298,JD Gaming,Weibo Gaming
75249,2026-03-07 00:00:00+00:00,1,0.6620982655272657,0.6912117099774306,Berlin International Gaming,G2 NORD
75285,2026-03-07 00:00:00+00:00,1,0.6125262421396384,0.6452548244174281,Nightbirds,BRUTE
75290,2026-03-07 00:00:00+00:00,0,0.5344806813343137,0.5717816304709858,Arctic Pandas,Verdant
75295,2026-03-07 00:00:00+00:00,1,0.44941403707150795,0.4898357240318479,BOMBA Team,Barczaca Esports
75299,2026-03-07 00:00:00+00:00,0,0.514930744785341,0.5531338439931615,Sentinels,Cloud9
75280,2026-03-08 00:00:00+00:00,1,0.7032284674550698,0.7289898378018378,Bilibili Gaming,JD Gaming
75303,2026-03-08 00:00:00+00:00,1,0.5833242426436607,0.6179354966951615,FURIA,Cloud9
75339,2026-03-09 00:00:00+00:00,1,0.7616798777343771,0.7822291022032031,Misa Esports,Berlin International Gaming
75342,2026-03-09 00:00:00+00:00,1,0.4352197985911895,0.4759466224937597,Verdant,WLGaming Esports
75345,2026-03-09 00:00:00+00:00,1,0.2896844500868113,0.32929644968957084,Solary,HMBLE
75524,2026-03-09 00:00:00+00:00,1,0.49499441570894037,0.5340076356964554,Movistar KOI Fenix,FN Esports
75350,2026-03-10 00:00:00+00:00,1,0.25426919485408445,0.29225786576905843,Barca eSports,BRUTE
75353,2026-03-10 00:00:00+00:00,0,0.7030554619516026,0.7288315295322844,DMG Esports,Karmine Corp Blue
75359,2026-03-10 00:00:00+00:00,0,0.3321432883722869,0.37294929493229506,Colossal Gaming,Arctic Pandas
75362,2026-03-10 00:00:00+00:00,1,0.3955981127393835,0.43681684128539017,Galions,Vantex Esports
75368,2026-03-10 00:00:00+00:00,1,0.39222437014168504,0.43345949745788453,G2 NORD,Lupus Esports
75385,2026-03-11 00:00:00+00:00,0,0.7626946117727,0.7831494981665061,HMBLE,Barczaca Esports
75388,2026-03-11 00:00:00+00:00,0,0.09748036992653307,0.1196634458891981,S2G Esports,Frites Esports Club
75391,2026-03-11 00:00:00+00:00,1,0.8846489963244567,0.8932877407471155,Partizan Sangal,Unicorns of Love Sexy Edition
75394,2026-03-11 00:00:00+00:00,0,0.6043904892711885,0.6376630147647621,FN Esports,Team Phantasma
75397,2026-03-11 00:00:00+00:00,1,0.721141465778383,0.7453560637057931,French Flair,3BL Esports
75400,2026-03-11 00:00:00+00:00,1,0.292585675439167,0.33230456512127665,Berlin International Gaming,Otter Side
75403,2026-03-11 00:00:00+00:00,1,0.6998185635822124,0.7258687320511237,WLGaming Esports,The Bandits
75406,2026-03-11 00:00:00+00:00,0,0.4971778803145721,0.5361079353203096,BOMBA Team,Eintracht Spandau
75408,2026-03-12 00:00:00+00:00,0,0.5986526825285509,0.6322999310471256,Barca eSports,Karmine Corp Blue
75411,2026-03-12 00:00:00+00:00,0,0.7201415715875432,0.7444437793820522,BRUTE,DMG Esports
75417,2026-03-12 00:00:00+00:00,1,0.4752092176909492,0.5149118347750732,BAAM Esports,Lupus Esports
75423,2026-03-12 00:00:00+00:00,1,0.4674889168708376,0.5074284994482621,Bushido Wildcats,Vantex Esports
75426,2026-03-12 00:00:00+00:00,0,0.22172011312024037,0.25766480290100724,Colossal Gaming,Nightbirds
75442,2026-03-13 00:00:00+00:00,1,0.1659994700837605,0.19706415448954634,Berlin International Gaming,Frites Esports Club
75445,2026-03-13 00:00:00+00:00,1,0.7279587319695947,0.7515721739428227,Partizan Sangal,WLGaming Esports
75448,2026-03-13 00:00:00+00:00,0,0.6663942953450795,0.6951716307731195,Otter Side,S2G Esports
75451,2026-03-13 00:00:00+00:00,0,0.7309109505839857,0.754262028150449,FN Esports,BOMBA Team
75454,2026-03-13 00:00:00+00:00,0,0.33343196937648373,0.37426217280762075,Barczaca Esports,French Flair
75457,2026-03-13 00:00:00+00:00,0,0.5991775918036719,0.6327908692935559,Team Phantasma,Eintracht Spandau
75460,2026-03-13 00:00:00+00:00,1,0.7577366829403464,0.778651403919033,HMBLE,3BL Esports
75463,2026-03-13 00:00:00+00:00,0,0.530392402942485,0.5678905983900502,The Bandits,Unicorns of Love Sexy Edition
75466,2026-03-13 00:00:00+00:00,0,0.5154188925498245,0.5536007444643561,Barca eSports,DMG Esports
75469,2026-03-13 00:00:00+00:00,0,0.40493431518192424,0.4460863670980579,Bushido Wildcats,UCAM Esports
75472,2026-03-13 00:00:00+00:00,1,0.3902354688218092,0.4314783294016929,Arctic Pandas,Nightbirds
75315,2026-03-14 00:00:00+00:00,0,0.5816775810036046,0.616389120695773,RAYN Clocks,Inferno Drive Tokyo
75490,2026-03-14 00:00:00+00:00,1,0.3792698883243143,0.42052932296449297,Barczaca Esports,HMBLE
75493,2026-03-14 00:00:00+00:00,0,0.7482174204858556,0.7700070249634269,Frites Esports Club,S2G Esports
75496,2026-03-14 00:00:00+00:00,1,0.4596560077105852,0.4998171593652797,Unicorns of Love Sexy Edition,WLGaming Esports
75499,2026-03-14 00:00:00+00:00,1,0.2966149406930492,0.3364759510730332,Galions,UCAM Esports
75502,2026-03-14 00:00:00+00:00,1,0.5530441197793008,0.5893939572763172,Team Phantasma,BOMBA Team
75505,2026-03-14 00:00:00+00:00,1,0.6568651957294691,0.6863833838668302,Karmine Corp Blue,DMG Esports
75318,2026-03-15 00:00:00+00:00,1,0.5755951099527238,0.6106714715398519,Rising Gaming,New Meta
75513,2026-03-15 00:00:00+00:00,1,0.5676455688084024,0.6031852362474759,Berlin International Gaming,S2G Esports
75516,2026-03-15 00:00:00+00:00,1,0.17897162546200712,0.21134072744892113,Unicorns of Love Sexy Edition,Partizan Sangal
75519,2026-03-15 00:00:00+00:00,0,0.3123965075370356,0.35274456202848786,Barczaca Esports,French Flair
75522,2026-03-15 00:00:00+00:00,1,0.5418277855822684,0.5787630776305321,Eintracht Spandau,Team Phantasma
75432,2026-03-16 00:00:00+00:00,1,0.7326343681426495,0.7558317292537556,Bilibili Gaming,BNK FearX
75437,2026-03-16 00:00:00+00:00,1,0.34356865974069384,0.38456545264425723,G2 Esports,Team Secret Whales
75545,2026-03-17 00:00:00+00:00,1,0.7821839988267159,0.8008061390133173,Gen.G,JD Gaming
75550,2026-03-17 00:00:00+00:00,1,0.5124323699485877,0.5507431718222705,LYON,LOUD
75555,2026-03-18 00:00:00+00:00,1,0.45040109658657007,0.4907991321254629,Bilibili Gaming,G2 Esports
75560,2026-03-18 00:00:00+00:00,1,0.18282817694842862,0.21556450698388122,BNK FearX,Team Secret Whales
75563,2026-03-19 00:00:00+00:00,1,0.6019638967547525,0.6353958042582363,Gen.G,LYON
75568,2026-03-19 00:00:00+00:00,1,0.31987972901967626,0.3604207876207208,JD Gaming,LOUD
75571,2026-03-20 00:00:00+00:00,1,0.7047380580010082,0.7303709836797228,G2 Esports,BNK FearX
75576,2026-03-20 00:00:00+00:00,0,0.6250989316977227,0.6569585346629665,LYON,JD Gaming
75580,2026-03-21 00:00:00+00:00,0,0.6371751673782932,0.6681686627085797,Gen.G,G2 Esports
75585,2026-03-21 00:00:00+00:00,1,0.6992798525289003,0.725375475706622,Bilibili Gaming,JD Gaming
75588,2026-03-22 00:00:00+00:00,0,0.4536633636453062,0.4939810094167666,G2 Esports,Bilibili Gaming
75527,2026-03-23 00:00:00+00:00,1,0.6660944825958995,0.6948953856530277,French Flair,G2 NORD
75530,2026-03-23 00:00:00+00:00,1,0.3987340914780569,0.4399338971477803,Unicorns of Love Sexy Edition,Team Heretics Academy
75533,2026-03-23 00:00:00+00:00,0,0.7408484613912424,0.7633076954726431,Eintracht Spandau,Galions
75536,2026-03-23 00:00:00+00:00,1,0.48872186481428287,0.5279662405400717,Berlin International Gaming,Karmine Corp Blue
75592,2026-03-24 00:00:00+00:00,1,0.8670033950016283,0.8773646342071547,MVK Esports Academy,Saigon Dino
75614,2026-03-24 00:00:00+00:00,0,0.820873906840912,0.8357633859056667,Misa Esports,French Flair
75617,2026-03-24 00:00:00+00:00,0,0.7311465894337981,0.7544766737448382,Verdant,Unicorns of Love Sexy Edition
75620,2026-03-24 00:00:00+00:00,0,0.8739835900710341,0.8836614166205746,Movistar KOI Fenix,Galions
75623,2026-03-24 00:00:00+00:00,1,0.5288018979551184,0.5663756158608577,Solary,Berlin International Gaming
75597,2026-03-25 00:00:00+00:00,0,0.5440146053087194,0.5808383159006909,9Gaming Esports,Saigon Warriors
75626,2026-03-25 00:00:00+00:00,0,0.7363544173190515,0.7592186026878778,Verdant,G2 NORD
75629,2026-03-25 00:00:00+00:00,1,0.8215272439984405,0.836352903977254,Misa Esports,Team Heretics Academy
75632,2026-03-25 00:00:00+00:00,0,0.5374846855114126,0.5746378557952545,Eintracht Spandau,Berlin International Gaming
75635,2026-03-25 00:00:00+00:00,0,0.6992155093974649,0.7253165585067993,Movistar KOI Fenix,Karmine Corp Blue
75638,2026-03-25 00:00:00+00:00,0,0.6981951348989383,0.7243821405663851,French Flair,Galions
75641,2026-03-25 00:00:00+00:00,1,0.6074225567823546,0.6404940788257496,Solary,Unicorns of Love Sexy Edition
75706,2026-03-26 00:00:00+00:00,0,0.2457439647787253,0.28325038550809717,Saigon Warriors,MVK Esports Academy
75701,2026-03-27 00:00:00+00:00,1,0.27601621990606806,0.315072439281397,Saigon Dino,9Gaming Esports
75539,2026-03-28 00:00:00+00:00,1,0.7482720729630876,0.7700566856591327,FENNEL,RAYN Clocks
75542,2026-03-28 00:00:00+00:00,1,0.5279300613723953,0.565544886908995,Rising Gaming,L Guide Gaming
75656,2026-03-28 00:00:00+00:00,1,0.5481280946373445,0.584738539289407,GIANTX,Fnatic
75659,2026-03-28 00:00:00+00:00,0,0.43927155994142647,0.479918005346932,Team Vitality,Karmine Corp
75662,2026-03-28 00:00:00+00:00,0,0.4405371182195407,0.48115734975073354,Movistar KOI,Natus Vincere
75674,2026-03-28 00:00:00+00:00,0,0.5557080721281591,0.5919141048293548,LOUD,RED Canids
75677,2026-03-28 00:00:00+00:00,0,0.3541746684168456,0.3953013956074518,FURIA,Los Grandes
75717,2026-03-28 00:00:00+00:00,1,0.5743211794322357,0.6094728224473411,Saigon Warriors,Saigon Dino
75680,2026-03-29 00:00:00+00:00,0,0.4466383003489347,0.4871248164011886,paiN Gaming,Vivo Keyd Stars
75721,2026-03-29 00:00:00+00:00,1,0.6366194193930338,0.6676534330517998,FENNEL,Rising Gaming
75726,2026-03-29 00:00:00+00:00,1,0.7820394319754149,0.800675303599624,MVK Esports Academy,Saigon Warriors
75749,2026-03-29 00:00:00+00:00,0,0.7230114594290733,0.7470618206745341,SK Gaming,Team Heretics
75752,2026-03-29 00:00:00+00:00,1,0.5738166203457886,0.6089979709661104,Movistar KOI,Fnatic
75665,2026-03-30 00:00:00+00:00,0,0.5986361688014373,0.6322844850369519,DN SOOPers Challengers,KT Rolster Challengers
75668,2026-03-30 00:00:00+00:00,1,0.531778731516519,0.5692105435047794,Hanwha Life Esports Challengers,BNK FEARX Youth
75671,2026-03-30 00:00:00+00:00,0,0.23206586205238885,0.26872055336476275,HANJIN BRION Challengers,Nongshim Esports Academy
75754,2026-03-30 00:00:00+00:00,1,0.64356663120595,0.6740896483713891,Natus Vincere,SK Gaming
75757,2026-03-30 00:00:00+00:00,1,0.4642892456468626,0.504321649197685,Team Vitality,Team Heretics
75644,2026-03-31 00:00:00+00:00,0,0.13709260735849887,0.1648439455425316,9z Globant,Malvinas Gaming
75711,2026-03-31 00:00:00+00:00,0,0.4569075759215452,0.4971419128439831,G2 NORD,Berlin International Gaming
75714,2026-03-31 00:00:00+00:00,0,0.25050938616562474,0.28828989961454043,Karmine Corp Blue,Misa Esports
75778,2026-03-31 00:00:00+00:00,1,0.6306618705569647,0.6621262578607953,Dplus KIA Challengers,Gen.G Global Academy
75781,2026-03-31 00:00:00+00:00,1,0.5991438911974273,0.6327593516018448,T1 Esports Academy,KRX Challengers
75849,2026-03-31 00:00:00+00:00,1,0.5654705292005268,0.6011342580209748,The Bandits,Dynasty
75852,2026-03-31 00:00:00+00:00,1,0.5185378125227211,0.5565823445459407,mCon esports,ZennIT
75873,2026-03-31 00:00:00+00:00,1,0.8948325439646904,0.9024875903231357,Team Phantasma,ALMO Players
75875,2026-03-31 00:00:00+00:00,1,0.5169647318327029,0.5550788611840902,Team Insidious,Gamespace MCE
75914,2026-03-31 00:00:00+00:00,1,0.44472656079385836,0.48525627805644356,Galions,Solary
75814,2026-04-01 00:00:00+00:00,0,0.4525418540828756,0.492887520237001,Unicorns of Love Sexy Edition,Berlin International Gaming
75819,2026-04-01 00:00:00+00:00,0,0.5040625009248849,0.5427213028248743,HANJIN BRION,Hanwha Life Esports
75822,2026-04-01 00:00:00+00:00,0,0.608774604161848,0.6417558360845432,T1,KT Rolster
75939,2026-04-01 00:00:00+00:00,0,0.41430565875040704,0.4553598071826907,GMBLERS Esports,HMBLE
75948,2026-04-01 00:00:00+00:00,0,0.5287961550546325,0.5663701444145396,Anonymo Esports,Forsaken
75784,2026-04-02 00:00:00+00:00,0,0.46561832112736085,0.505612554908563,KT Rolster Challengers,KRX Challengers
75787,2026-04-02 00:00:00+00:00,1,0.6631211032725872,0.6921548355086555,HANJIN BRION Challengers,Gen.G Global Academy
75790,2026-04-02 00:00:00+00:00,0,0.13661396674035134,0.16430544117806914,BNK FEARX Youth,Nongshim Esports Academy
75825,2026-04-02 00:00:00+00:00,0,0.6054617022116896,0.6386634486883274,Dplus KIA,Nongshim RedForce
75828,2026-04-02 00:00:00+00:00,0,0.5014156842430871,0.5401803847603823,Kiwoom DRX,DN SOOPers
75855,2026-04-02 00:00:00+00:00,0,0.2282698369644838,0.2646707055808043,Senshi eSports,Frites Esports Club
75858,2026-04-02 00:00:00+00:00,1,0.42635907818565116,0.4672426551921517,Once Upon A Team,Myth Esports
75879,2026-04-02 00:00:00+00:00,1,0.8602709498110841,0.8712929771794475,GOAL,The ParadOx
75941,2026-04-02 00:00:00+00:00,1,0.719497379276596,0.743855953307709,HMBLE,Colossal Gaming
75942,2026-04-02 00:00:00+00:00,1,0.557140796473445,0.5932687425230175,EKO Esports,Zena Esports
75962,2026-04-02 00:00:00+00:00,0,0.45682705389126577,0.497063498970622,G2 NORD,Eintracht Spandau
75964,2026-04-02 00:00:00+00:00,1,0.47223685633574564,0.5120328709022333,G2 NORD,E WIE EINFACH E-SPORTS
75793,2026-04-03 00:00:00+00:00,1,0.7055630708051963,0.7311256475705995,T1 Esports Academy,Hanwha Life Esports Challengers
75796,2026-04-03 00:00:00+00:00,0,0.5467337081444448,0.5834169376246516,DN SOOPers Challengers,Dplus KIA Challengers
75831,2026-04-03 00:00:00+00:00,0,0.7543131936329581,0.7755437940158424,Gen.G,KT Rolster
75834,2026-04-03 00:00:00+00:00,0,0.5831672728558357,0.6177881144928431,BNK FearX,HANJIN BRION
75944,2026-04-03 00:00:00+00:00,0,0.6171800461569815,0.649590943746491,GMBLERS Esports,EKO Esports
75971,2026-04-03 00:00:00+00:00,1,0.36637216571513903,0.4075935710365131,Unicorns of Love Sexy Edition,Eintracht Frankfurt
75760,2026-04-04 00:00:00+00:00,1,0.457910896610002,0.49811879347745125,RED Canids,Fluxo W7M
75763,2026-04-04 00:00:00+00:00,1,0.5092710120621519,0.5477155858451067,LOUD,paiN Gaming
75837,2026-04-04 00:00:00+00:00,1,0.49960115697418267,0.5384372933099906,T1,Hanwha Life Esports
75840,2026-04-04 00:00:00+00:00,0,0.4578543012754021,0.4980636980424074,Kiwoom DRX,Dplus KIA
75881,2026-04-04 00:00:00+00:00,1,0.5157512896453834,0.553918635512911,SK Gaming,Shifters
75884,2026-04-04 00:00:00+00:00,1,0.6780965606466318,0.7059412285690916,G2 Esports,Team Heretics
75887,2026-04-04 00:00:00+00:00,1,0.38413575849624537,0.4253933154397862,Team Vitality,Natus Vincere
75987,2026-04-04 00:00:00+00:00,1,0.5073845423408595,0.5459075974328402,Cloud9,LYON
75990,2026-04-04 00:00:00+00:00,0,0.6109220577679518,0.6437590510842246,Sentinels,Disguised
75993,2026-04-04 00:00:00+00:00,0,0.24402812924733028,0.28143302577462165,DetonatioN FocusMe,Ground Zero Gaming
75996,2026-04-04 00:00:00+00:00,0,0.5067107812922936,0.5452616218204631,Deep Cross Gaming,MVK Esports
76005,2026-04-04 00:00:00+00:00,0,0.6545788228200029,0.6842722122533792,Top Esports,Invictus Gaming
76008,2026-04-04 00:00:00+00:00,1,0.6302065702046395,0.6617035469718908,Anyone s Legend,Weibo Gaming
76011,2026-04-04 00:00:00+00:00,0,0.32538164740803194,0.3660493826192156,Team WE,Ninjas in Pyjamas
75766,2026-04-05 00:00:00+00:00,1,0.7721601064937235,0.7917296659783419,Los Grandes,Leviatan
75769,2026-04-05 00:00:00+00:00,0,0.46778549151293725,0.5077163098201894,Vivo Keyd Stars,FURIA
75843,2026-04-05 00:00:00+00:00,1,0.48902487605024186,0.5282583513148206,Nongshim RedForce,DN SOOPers
75846,2026-04-05 00:00:00+00:00,1,0.6985358881303861,0.7246942074531064,Gen.G,BNK FearX
75999,2026-04-05 00:00:00+00:00,1,0.44839125138449615,0.4888371152435283,Fukuoka SoftBank HAWKS gaming,CTBC Flying Oyster
76002,2026-04-05 00:00:00+00:00,1,0.7453147281922763,0.7673689228836422,Team Secret Whales,GAM Esports
76014,2026-04-05 00:00:00+00:00,0,0.39012740333747514,0.4313706428436475,JD Gaming,Bilibili Gaming
76017,2026-04-05 00:00:00+00:00,1,0.3569013442316898,0.39805427015771344,Top Esports,Anyone s Legend
76040,2026-04-05 00:00:00+00:00,0,0.4193541180307292,0.46034287641613225,SK Gaming,GIANTX
76043,2026-04-05 00:00:00+00:00,1,0.25344305888157864,0.29138659967121394,Fnatic,G2 Esports
76135,2026-04-05 00:00:00+00:00,1,0.7136574379163875,0.7385242000268949,Team Liquid,FlyQuest
75902,2026-04-06 00:00:00+00:00,0,0.16320123544282775,0.19397022086368285,NCG Esports,SDM Tigres
75905,2026-04-06 00:00:00+00:00,0,0.47486870967689265,0.514582162912998,G3V E-sports,Fuego
75908,2026-04-06 00:00:00+00:00,1,0.5568936330066382,0.5930350871261463,Zeu5 Esports,Polar Squad Esports
76046,2026-04-06 00:00:00+00:00,1,0.7025624281341699,0.7283803540104311,GIANTX,Team Heretics
76049,2026-04-06 00:00:00+00:00,0,0.4816277893207606,0.5211195710598244,Movistar KOI,Team Vitality
76082,2026-04-06 00:00:00+00:00,0,0.4654981261801776,0.5054958344414311,Gen.G Global Academy,BNK FEARX Youth
76085,2026-04-06 00:00:00+00:00,1,0.6380792652495921,0.6690067105873776,DN SOOPers Challengers,HANJIN BRION Challengers
76088,2026-04-06 00:00:00+00:00,0,0.5535683159221813,0.589889999308055,Dplus KIA Challengers,KT Rolster Challengers
75918,2026-04-07 00:00:00+00:00,0,0.5664155926814212,0.6020255600291868,French Flair,Berlin International Gaming
75921,2026-04-07 00:00:00+00:00,1,0.8108252874965649,0.8266936800240672,Misa Esports,Unicorns of Love Sexy Edition
75924,2026-04-07 00:00:00+00:00,1,0.6858181906670547,0.7130341361213702,Volticons,Maze Gaming
75930,2026-04-07 00:00:00+00:00,1,0.37164824957782205,0.4128928277493668,Golden Lions,Malvinas Gaming
75933,2026-04-07 00:00:00+00:00,1,0.3426927630002153,0.38367681095023326,Seven Dark,The New Kings
75950,2026-04-07 00:00:00+00:00,1,0.5770734027137657,0.6120619147331033,Barczaca Esports,DOCISK
76022,2026-04-07 00:00:00+00:00,0,0.48347127367722675,0.5229002074289754,GOAL,WLGaming Esports
76028,2026-04-07 00:00:00+00:00,0,0.33018936508469876,0.3709573720167676,ZennIT,The Bandits
76031,2026-04-07 00:00:00+00:00,0,0.22267316467179057,0.25868568101395606,Once Upon A Team,Frites Esports Club
76091,2026-04-07 00:00:00+00:00,0,0.5826558958155879,0.6173079314171808,Nongshim Esports Academy,T1 Esports Academy
76094,2026-04-07 00:00:00+00:00,0,0.3461974187832122,0.3872306059669015,Hanwha Life Esports Challengers,KRX Challengers
76321,2026-04-07 00:00:00+00:00,1,0.7620315647517713,0.7825481063976417,Misa Esports,Berlin International Gaming
76024,2026-04-08 00:00:00+00:00,0,0.08077023765593537,0.10018986099761577,The ParadOx,Team Insidious
76052,2026-04-08 00:00:00+00:00,0,0.5391094359003915,0.5761816806558495,Dplus KIA,Hanwha Life Esports
76055,2026-04-08 00:00:00+00:00,0,0.3564259890038645,0.39757455770145855,T1,Gen.G
76121,2026-04-08 00:00:00+00:00,0,0.4996699846107404,0.5385034286012682,Eintracht Frankfurt,E WIE EINFACH E-SPORTS
76122,2026-04-08 00:00:00+00:00,0,0.5320968733128497,0.5695133784141195,G2 NORD,Unicorns of Love Sexy Edition
76183,2026-04-08 00:00:00+00:00,1,0.3012589936694369,0.34127476326533884,Invictus Gaming,Ninjas in Pyjamas
76186,2026-04-08 00:00:00+00:00,1,0.679679667373368,0.707396280861261,Top Esports,Team WE
76294,2026-04-08 00:00:00+00:00,0,0.753328259198224,0.7746494834731911,Skillcamp,Vitality.Bee
76297,2026-04-08 00:00:00+00:00,0,0.4369849450606045,0.4776774182726379,Solary,Galions
76298,2026-04-08 00:00:00+00:00,1,0.39122522574561336,0.4324644178369863,TLN Pirates,Karmine Corp Blue
76312,2026-04-08 00:00:00+00:00,1,0.7766451842754694,0.7957920290859095,Movistar KOI Fenix,Barca eSports
76034,2026-04-09 00:00:00+00:00,0,0.56242313684523,0.5982587110212471,mCon esports,Dynasty
76037,2026-04-09 00:00:00+00:00,0,0.5230129488732201,0.560855751485427,Myth Esports,Senshi eSports
76058,2026-04-09 00:00:00+00:00,0,0.4783424786849609,0.5179437312813386,HANJIN BRION,Kiwoom DRX
76061,2026-04-09 00:00:00+00:00,1,0.5145020892049679,0.5527237914054586,KT Rolster,Nongshim RedForce
76097,2026-04-09 00:00:00+00:00,1,0.8683700705985105,0.8785973433165771,T1 Esports Academy,Gen.G Global Academy
76100,2026-04-09 00:00:00+00:00,0,0.2914407373365563,0.33111790167306443,BNK FEARX Youth,DN SOOPers Challengers
76103,2026-04-09 00:00:00+00:00,0,0.26490328416840125,0.3034426864132771,HANJIN BRION Challengers,Dplus KIA Challengers
76113,2026-04-09 00:00:00+00:00,1,0.7256425999424545,0.7494610239828116,HMBLE,EKO Esports
76125,2026-04-09 00:00:00+00:00,0,0.45268218348691786,0.4930243655530873,G2 NORD,Berlin International Gaming
76126,2026-04-09 00:00:00+00:00,0,0.48877500730655915,0.5280174732579539,Eintracht Frankfurt,TeamOrangeGaming
76129,2026-04-09 00:00:00+00:00,0,0.4219051671324445,0.46285755490933145,Unicorns of Love Sexy Edition,Eintracht Spandau
76189,2026-04-09 00:00:00+00:00,0,0.3952744102278364,0.4364948906010992,Weibo Gaming,Ninjas in Pyjamas
76192,2026-04-09 00:00:00+00:00,0,0.19641392863106774,0.23037142646965483,Team WE,Bilibili Gaming
76300,2026-04-09 00:00:00+00:00,1,0.4958843661056237,0.5348638566466201,Vitality.Bee,ZYB Esport
76301,2026-04-09 00:00:00+00:00,0,0.3873222995525332,0.4285738821322277,TLN Pirates,Solary
76302,2026-04-09 00:00:00+00:00,0,0.440373091256791,0.48099674996276953,Joblife,Karmine Corp Blue
76064,2026-04-10 00:00:00+00:00,0,0.47560927142412013,0.5152991123161512,DN SOOPers,T1
76067,2026-04-10 00:00:00+00:00,1,0.5319507466043293,0.5693742857337525,Hanwha Life Esports,BNK FearX
76106,2026-04-10 00:00:00+00:00,1,0.384099153588496,0.4253567574204309,Hanwha Life Esports Challengers,KT Rolster Challengers
76109,2026-04-10 00:00:00+00:00,1,0.6864281861918274,0.7135940242636705,Nongshim Esports Academy,KRX Challengers
76119,2026-04-10 00:00:00+00:00,0,0.6636155867233419,0.6926107125930163,Colossal Gaming,Zena Esports
76130,2026-04-10 00:00:00+00:00,1,0.5008554918677754,0.5396423476965778,Berlin International Gaming,E WIE EINFACH E-SPORTS
76131,2026-04-10 00:00:00+00:00,1,0.5730632221634888,0.6082888165529909,Eintracht Spandau,TeamOrangeGaming
76134,2026-04-10 00:00:00+00:00,1,0.45378980103262617,0.49410426266266255,Kaufland Hangry Knights,Eintracht Frankfurt
76195,2026-04-10 00:00:00+00:00,0,0.6605663649836807,0.6897988272894047,LNG Esports,EDward Gaming
76198,2026-04-10 00:00:00+00:00,1,0.4025847558424245,0.44375651216155176,JD Gaming,Anyone s Legend
76273,2026-04-10 00:00:00+00:00,1,0.5669727071476791,0.6025508786192731,Anubis Gaming,3BL Esports
76276,2026-04-10 00:00:00+00:00,0,0.3123981201115494,0.3527462187908793,One More Esports,BAAM Esports
76279,2026-04-10 00:00:00+00:00,0,0.3335491010056688,0.3743814697456474,GnG Amazigh,FN Esports
76288,2026-04-10 00:00:00+00:00,0,0.42525914265710135,0.46616033850095284,Dark Passage,SU Esports
76304,2026-04-10 00:00:00+00:00,0,0.676804135922228,0.7047530175436022,Skillcamp,ZYB Esport
76307,2026-04-10 00:00:00+00:00,0,0.3240379652142523,0.364675943642696,Joblife,Solary
76308,2026-04-10 00:00:00+00:00,1,0.20448790894223667,0.2391191350104152,Vitality.Bee,Galions
76070,2026-04-11 00:00:00+00:00,0,0.46422416928740584,0.504258427646434,Nongshim RedForce,Kiwoom DRX
76073,2026-04-11 00:00:00+00:00,1,0.3449231706488563,0.3859390634606287,Dplus KIA,Gen.G
76153,2026-04-11 00:00:00+00:00,1,0.8127033863619754,0.8283892272302336,CTBC Flying Oyster,DetonatioN FocusMe
76156,2026-04-11 00:00:00+00:00,0,0.7076130338881285,0.7330003479843393,MVK Esports,GAM Esports
76201,2026-04-11 00:00:00+00:00,0,0.4185209807226784,0.4595211346486121,Team WE,Invictus Gaming
76204,2026-04-11 00:00:00+00:00,1,0.46796347500127655,0.507889020540352,Top Esports,JD Gaming
76213,2026-04-11 00:00:00+00:00,1,0.7213181285266762,0.7455172322872324,FURIA,Leviatan
76216,2026-04-11 00:00:00+00:00,1,0.7202198196751688,0.7445151766991218,RED Canids,paiN Gaming
76249,2026-04-11 00:00:00+00:00,1,0.6781083490761919,0.7059520650876595,Natus Vincere,Team Heretics
76252,2026-04-11 00:00:00+00:00,0,0.5705643855525262,0.6059357358222645,G2 Esports,Team Vitality
76255,2026-04-11 00:00:00+00:00,1,0.556904522706625,0.5930453820037522,Movistar KOI,SK Gaming
76076,2026-04-12 00:00:00+00:00,1,0.540810668982328,0.5777974318490555,BNK FearX,DN SOOPers
76079,2026-04-12 00:00:00+00:00,0,0.3894455301300514,0.4306910623366014,HANJIN BRION,KT Rolster
76147,2026-04-12 00:00:00+00:00,0,0.6137395055720772,0.6463857208639734,Disguised,FlyQuest
76150,2026-04-12 00:00:00+00:00,0,0.45847745723749056,0.49867028327667157,Sentinels,Cloud9
76159,2026-04-12 00:00:00+00:00,1,0.5311961591628631,0.5686559302235731,Fukuoka SoftBank HAWKS gaming,Ground Zero Gaming
76162,2026-04-12 00:00:00+00:00,1,0.6582853394704552,0.687694201450773,Team Secret Whales,Deep Cross Gaming
76207,2026-04-12 00:00:00+00:00,0,0.46391549433771123,0.5039585325790813,Oh My God,LGD Gaming
76210,2026-04-12 00:00:00+00:00,0,0.2984875198175296,0.33841209245928766,Weibo Gaming,Bilibili Gaming
76219,2026-04-12 00:00:00+00:00,1,0.6234669004905484,0.655441215224924,Vivo Keyd Stars,Fluxo W7M
76222,2026-04-12 00:00:00+00:00,0,0.6052305642434466,0.6384476045768231,Los Grandes,LOUD
76258,2026-04-12 00:00:00+00:00,1,0.7349235513737622,0.7579161087114414,Team Vitality,Shifters
76261,2026-04-12 00:00:00+00:00,0,0.1797722766758655,0.21221838095809384,Team Heretics,Karmine Corp
76225,2026-04-13 00:00:00+00:00,0,0.17130211759293645,0.20291307821586776,paiN Gaming,FURIA
76228,2026-04-13 00:00:00+00:00,0,0.37689032663346805,0.4181474676210077,Leviatan,RED Canids
76240,2026-04-13 00:00:00+00:00,0,0.13892334099432363,0.1669020872085902,Polar Squad Esports,SDM Tigres
76243,2026-04-13 00:00:00+00:00,0,0.8354052394420243,0.8488714473916922,G3V E-sports,LYON Academy
76246,2026-04-13 00:00:00+00:00,1,0.3670847504718688,0.4083099068257146,NCG Esports,Zeu5 Esports
76264,2026-04-13 00:00:00+00:00,0,0.3971424438413564,0.4383522952361039,Fnatic,SK Gaming
76267,2026-04-13 00:00:00+00:00,1,0.727320868706471,0.7509908381436686,GIANTX,Shifters
76399,2026-04-13 00:00:00+00:00,1,0.17797203844372772,0.21024444136873705,Gen.G Global Academy,KRX Challengers
76402,2026-04-13 00:00:00+00:00,1,0.7156064595547298,0.7403041844284646,KT Rolster Challengers,HANJIN BRION Challengers
76405,2026-04-13 00:00:00+00:00,0,0.81731931427253,0.8325556646727177,Nongshim Esports Academy,Hanwha Life Esports Challengers
76231,2026-04-14 00:00:00+00:00,1,0.4406272245319101,0.4812455696318135,Vivo Keyd Stars,Los Grandes
76234,2026-04-14 00:00:00+00:00,1,0.3084724331485963,0.34870961454763755,Fluxo W7M,LOUD
76323,2026-04-14 00:00:00+00:00,1,0.5849162593253848,0.6194299448025964,Seven Dark,Tu Papa Esports
76326,2026-04-14 00:00:00+00:00,1,0.5669345052190726,0.6025148594165501,Volticons,Golden Lions
76329,2026-04-14 00:00:00+00:00,1,0.3658879577471853,0.40710670302430474,9z Globant,The New Kings
76332,2026-04-14 00:00:00+00:00,1,0.7231361832525928,0.7471755723711833,Malvinas Gaming,Maze Gaming
76335,2026-04-14 00:00:00+00:00,1,0.1841218046880248,0.2169792497272265,Solary,Misa Esports
76342,2026-04-14 00:00:00+00:00,0,0.16192993203037617,0.1925628594766121,The ParadOx,Gamespace MCE
76366,2026-04-14 00:00:00+00:00,1,0.3202717679249,0.36082227724490046,Forsaken,BOMBA Team
76387,2026-04-14 00:00:00+00:00,0,0.38497078884735547,0.42622714182646626,Myth Esports,Dynasty
76390,2026-04-14 00:00:00+00:00,0,0.4987264826369463,0.5375967146100953,mCon esports,Senshi eSports
76408,2026-04-14 00:00:00+00:00,1,0.7366199946702126,0.7594603233451012,T1 Esports Academy,DN SOOPers Challengers
76411,2026-04-14 00:00:00+00:00,0,0.23425222414777952,0.27104963049077485,BNK FEARX Youth,Dplus KIA Challengers
78153,2026-04-14 00:00:00+00:00,1,0.595237736618711,0.6291044583751806,LYON,Shopify Rebellion
78156,2026-04-14 00:00:00+00:00,0,0.8036638081233567,0.8202263377482297,Team Liquid,FlyQuest
76372,2026-04-15 00:00:00+00:00,0,0.8018307111840004,0.818570380365911,Barczaca Esports,LODIS
76378,2026-04-15 00:00:00+00:00,0,0.42463896496498077,0.4655499143689569,UCAM Esports,Team Heretics Academy
76429,2026-04-15 00:00:00+00:00,1,0.6424105504833992,0.6730192756373373,FN Esports,Anubis Gaming
76432,2026-04-15 00:00:00+00:00,1,0.7445888627787052,0.7667090578244165,Dragons Esports,BAAM Esports
76438,2026-04-15 00:00:00+00:00,0,0.21378745610556205,0.2491481900124064,One More Esports,GnG Amazigh
76491,2026-04-15 00:00:00+00:00,1,0.5888711330637953,0.6231398562802123,Unicorns of Love Sexy Edition,TeamOrangeGaming
76492,2026-04-15 00:00:00+00:00,1,0.4561115076346345,0.49636659630628616,E WIE EINFACH E-SPORTS,Eintracht Spandau
76493,2026-04-15 00:00:00+00:00,1,0.7713990539332607,0.7910401423494761,Berlin International Gaming,Eintracht Frankfurt
76495,2026-04-15 00:00:00+00:00,1,0.8176792363737554,0.8328804918380212,G2 NORD,ROSSMANN Centaurs
76518,2026-04-15 00:00:00+00:00,1,0.4775230156151078,0.5171510662012097,Nongshim RedForce,BNK FearX
76521,2026-04-15 00:00:00+00:00,1,0.5635660883408465,0.5993374812665727,KT Rolster,Dplus KIA
76560,2026-04-15 00:00:00+00:00,0,0.7060478916656875,0.7315690777966277,Ultra Prime,ThunderTalk Gaming
76563,2026-04-15 00:00:00+00:00,0,0.4478569433316268,0.48831530328347594,Invictus Gaming,Weibo Gaming
76620,2026-04-15 00:00:00+00:00,0,0.41285924539210955,0.45393050538258595,Vitality.Bee,TLN Pirates
76622,2026-04-15 00:00:00+00:00,0,0.21077783932767993,0.2459078484439774,ZYB Esport,Galions
76624,2026-04-15 00:00:00+00:00,0,0.3124103917449426,0.352758826655526,Skillcamp,Karmine Corp Blue
76635,2026-04-15 00:00:00+00:00,0,0.14529585117945112,0.17404709974887012,Lupus Esports,Partizan Sangal
76638,2026-04-15 00:00:00+00:00,0,0.46043821854760386,0.5005781063348274,Croatian Flair,The Secret Club
78493,2026-04-15 00:00:00+00:00,1,0.7419223505445073,0.764284428179396,Cloud9,Dignitas
78496,2026-04-15 00:00:00+00:00,1,0.6285046399204284,0.660123055152715,Sentinels,Disguised
76393,2026-04-16 00:00:00+00:00,1,0.8969175074327757,0.9043724632893912,Frites Esports Club,ZennIT
76396,2026-04-16 00:00:00+00:00,0,0.3192730563180655,0.359799361158286,Once Upon A Team,The Bandits
76414,2026-04-16 00:00:00+00:00,0,0.30953163532328776,0.3497994044849435,KT Rolster Challengers,Nongshim Esports Academy
76417,2026-04-16 00:00:00+00:00,1,0.3339647466440242,0.37480475338363606,Gen.G Global Academy,Hanwha Life Esports Challengers
76420,2026-04-16 00:00:00+00:00,1,0.462420644872577,0.5025057815619017,DN SOOPers Challengers,KRX Challengers
76441,2026-04-16 00:00:00+00:00,0,0.18143067509275576,0.21403500169824766,One More Esports,Anubis Gaming
76444,2026-04-16 00:00:00+00:00,0,0.22996169738032432,0.2664766430695031,3BL Esports,FN Esports
76447,2026-04-16 00:00:00+00:00,0,0.38071226325398266,0.4219720586980471,GnG Amazigh,Dragons Esports
76467,2026-04-16 00:00:00+00:00,0,0.5168003978588624,0.5549217581799696,EKO Esports,Colossal Gaming
76468,2026-04-16 00:00:00+00:00,1,0.6052979261740851,0.638510510559271,GMBLERS Esports,Zena Esports
76497,2026-04-16 00:00:00+00:00,1,0.6209046794681035,0.6530579457477227,G2 NORD,Kaufland Hangry Knights
76498,2026-04-16 00:00:00+00:00,1,0.6963330033110559,0.7226764386797145,Eintracht Frankfurt,ROSSMANN Centaurs
76499,2026-04-16 00:00:00+00:00,1,0.5544321727364748,0.5907073062046316,Berlin International Gaming,Eintracht Spandau
76500,2026-04-16 00:00:00+00:00,0,0.6425374628141114,0.6731367921642815,E WIE EINFACH E-SPORTS,TeamOrangeGaming
76509,2026-04-16 00:00:00+00:00,0,0.557188428088552,0.5933137691810252,Bushido Wildcats,SU Esports
76524,2026-04-16 00:00:00+00:00,0,0.2615779615352825,0.2999511255856917,HANJIN BRION,Gen.G
76527,2026-04-16 00:00:00+00:00,0,0.3854914013380401,0.42674687354406027,DN SOOPers,Hanwha Life Esports
76566,2026-04-16 00:00:00+00:00,0,0.2523061986054414,0.29018707613536676,Team WE,Anyone s Legend
76569,2026-04-16 00:00:00+00:00,1,0.3569438912143658,0.3980972028191058,Top Esports,Bilibili Gaming
76626,2026-04-16 00:00:00+00:00,0,0.2420312336003599,0.27931607170917283,Skillcamp,Galions
76627,2026-04-16 00:00:00+00:00,1,0.3377238053847539,0.37862966312314306,ZYB Esport,TLN Pirates
76628,2026-04-16 00:00:00+00:00,0,0.4337858812166537,0.4745398499121151,Karmine Corp Blue,Solary
76629,2026-04-16 00:00:00+00:00,1,0.4425804380121825,0.4831572383790929,Vitality.Bee,Joblife
76641,2026-04-16 00:00:00+00:00,0,0.08428529917946813,0.1043090609033694,SPIKE Syndicate,Partizan Sangal
76706,2026-04-16 00:00:00+00:00,1,0.7861484058418019,0.8043932622383353,Nightbirds,Onion Team
76709,2026-04-16 00:00:00+00:00,1,0.5756085655745962,0.6106841299219443,CITA Kaizen,EXILE esports
78506,2026-04-16 00:00:00+00:00,0,0.28034305999710635,0.3195846277285038,Shopify Rebellion,Team Liquid
78509,2026-04-16 00:00:00+00:00,0,0.47469143562853283,0.5144105163644308,Dignitas,Disguised
76423,2026-04-17 00:00:00+00:00,0,0.7146079674114005,0.739392362139139,T1 Esports Academy,Dplus KIA Challengers
76426,2026-04-17 00:00:00+00:00,1,0.5192785500200405,0.5572900724982035,BNK FEARX Youth,HANJIN BRION Challengers
76453,2026-04-17 00:00:00+00:00,1,0.43924462784694707,0.47989162539039415,BAAM Esports,GnG Amazigh
76459,2026-04-17 00:00:00+00:00,1,0.28339890342921525,0.3227660948468957,One More Esports,3BL Esports
76462,2026-04-17 00:00:00+00:00,1,0.4361569368940679,0.47686565193145103,Anubis Gaming,Dragons Esports
76469,2026-04-17 00:00:00+00:00,1,0.821529028299363,0.8363545139586029,HMBLE,Zena Esports
76470,2026-04-17 00:00:00+00:00,0,0.5463520308343941,0.5830550954518575,GMBLERS Esports,Colossal Gaming
76501,2026-04-17 00:00:00+00:00,0,0.29668853092508585,0.3365520689308568,Kaufland Hangry Knights,Eintracht Spandau
76502,2026-04-17 00:00:00+00:00,0,0.5068536302530703,0.5453985905590437,Unicorns of Love Sexy Edition,E WIE EINFACH E-SPORTS
76503,2026-04-17 00:00:00+00:00,0,0.21844146981492013,0.25414902355407026,ROSSMANN Centaurs,TeamOrangeGaming
76505,2026-04-17 00:00:00+00:00,1,0.6564732433963175,0.6860215373056819,G2 NORD,Eintracht Frankfurt
76530,2026-04-17 00:00:00+00:00,0,0.563461545776796,0.5992388227127231,Kiwoom DRX,BNK FearX
76533,2026-04-17 00:00:00+00:00,1,0.45217546283966764,0.49253019606547643,Dplus KIA,T1
76572,2026-04-17 00:00:00+00:00,1,0.27134704082637645,0.31019331947065965,ThunderTalk Gaming,Oh My God
76575,2026-04-17 00:00:00+00:00,1,0.5694004192144101,0.6048391418666832,Ninjas in Pyjamas,JD Gaming
76630,2026-04-17 00:00:00+00:00,0,0.23557147283653443,0.27245377230831685,Skillcamp,Solary
76631,2026-04-17 00:00:00+00:00,0,0.6728331743907582,0.7011003904225418,Galions,TLN Pirates
76633,2026-04-17 00:00:00+00:00,0,0.4230823454989268,0.4640172013118099,ZYB Esport,Joblife
76715,2026-04-17 00:00:00+00:00,1,0.3228228155523987,0.36343322829381036,CITA Kaizen,BRUTE
76536,2026-04-18 00:00:00+00:00,1,0.3889636235640982,0.4302106737163481,Hanwha Life Esports,Gen.G
76539,2026-04-18 00:00:00+00:00,0,0.3113074995720389,0.35162545563529873,DN SOOPers,KT Rolster
76548,2026-04-18 00:00:00+00:00,0,0.44624026555790297,0.48673587396235846,CTBC Flying Oyster,Deep Cross Gaming
76551,2026-04-18 00:00:00+00:00,0,0.1267783140578738,0.15320143712449316,DetonatioN FocusMe,MVK Esports
76578,2026-04-18 00:00:00+00:00,0,0.27762862339123706,0.3167549421628547,Invictus Gaming,Bilibili Gaming
76581,2026-04-18 00:00:00+00:00,0,0.4829645023647349,0.52241081438932,Weibo Gaming,JD Gaming
76590,2026-04-18 00:00:00+00:00,0,0.28385554982003747,0.32324114075198407,Disguised,Cloud9
76593,2026-04-18 00:00:00+00:00,1,0.6393416087040948,0.6701765545657093,Sentinels,FlyQuest
76602,2026-04-18 00:00:00+00:00,0,0.4900144335793133,0.5292121218713115,GIANTX,Natus Vincere
76605,2026-04-18 00:00:00+00:00,1,0.7224578167894479,0.7465568556972224,G2 Esports,SK Gaming
76658,2026-04-18 00:00:00+00:00,1,0.2889265778921306,0.3285100226575965,Fluxo W7M,FURIA
76661,2026-04-18 00:00:00+00:00,1,0.8198006457424185,0.8347949207931847,Los Grandes,paiN Gaming
76718,2026-04-18 00:00:00+00:00,0,0.17311711259699475,0.20491087275265618,EXILE esports,eSuba
76721,2026-04-18 00:00:00+00:00,0,0.17843674587280117,0.21075418219045702,Meavedron,Nightbirds
76542,2026-04-19 00:00:00+00:00,0,0.3967394344635872,0.437951685182906,HANJIN BRION,Nongshim RedForce
76545,2026-04-19 00:00:00+00:00,0,0.43118686993710953,0.47198829554882094,Kiwoom DRX,T1
76554,2026-04-19 00:00:00+00:00,0,0.2761834614928915,0.315247008734093,Fukuoka SoftBank HAWKS gaming,Team Secret Whales
76557,2026-04-19 00:00:00+00:00,1,0.47078735693772367,0.5106279369796639,GAM Esports,Ground Zero Gaming
76584,2026-04-19 00:00:00+00:00,1,0.6559799015313043,0.6855660471906478,Top Esports,Invictus Gaming
76587,2026-04-19 00:00:00+00:00,1,0.6149564894096219,0.6475197623987863,Bilibili Gaming,Anyone s Legend
76596,2026-04-19 00:00:00+00:00,1,0.7446806232024084,0.7667924784684559,LYON,Shopify Rebellion
76599,2026-04-19 00:00:00+00:00,0,0.18194460252394928,0.21459761383412618,Dignitas,Team Liquid
76608,2026-04-19 00:00:00+00:00,1,0.5845087818242383,0.6190474970820486,Team Vitality,GIANTX
76611,2026-04-19 00:00:00+00:00,1,0.7042019251016571,0.7298805093507551,Movistar KOI,Team Heretics
76664,2026-04-19 00:00:00+00:00,0,0.6774384678903791,0.7053362375821839,LOUD,Leviatan
76667,2026-04-19 00:00:00+00:00,1,0.565819204649682,0.6014631242454443,RED Canids,Vivo Keyd Stars
76727,2026-04-19 00:00:00+00:00,1,0.32354807387624673,0.36417501410176156,Meavedron,BRUTE
76614,2026-04-20 00:00:00+00:00,0,0.23230935772057212,0.2689800685187378,Shifters,G2 Esports
76617,2026-04-20 00:00:00+00:00,0,0.23612051275328994,0.27303787293878523,SK Gaming,Karmine Corp
76696,2026-04-20 00:00:00+00:00,1,0.8489226228364768,0.8610603030100324,Fuego,Zeu5 Esports
76785,2026-04-20 00:00:00+00:00,1,0.8464070841104386,0.8587921426317512,Nongshim Esports Academy,Gen.G Global Academy
76788,2026-04-20 00:00:00+00:00,1,0.6665829298178513,0.6953454285984911,KT Rolster Challengers,BNK FEARX Youth
76653,2026-04-21 00:00:00+00:00,0,0.4764181064251483,0.5160819675663578,Galions,Solary
76684,2026-04-21 00:00:00+00:00,1,0.6672466269821332,0.6959568719381386,LODIS,devils.one
76687,2026-04-21 00:00:00+00:00,0,0.41627415271428214,0.457303849258069,DOCISK,BOMBA Team
76751,2026-04-21 00:00:00+00:00,0,0.40407310097388255,0.44523260238517737,Senshi eSports,The Bandits
76754,2026-04-21 00:00:00+00:00,0,0.6044205887033671,0.6376911289224523,Myth Esports,ZennIT
76763,2026-04-21 00:00:00+00:00,1,0.7761666482094042,0.7953586889747633,Golden Lions,Seven Dark
76791,2026-04-21 00:00:00+00:00,1,0.45536502615725327,0.4956393914119432,KRX Challengers,Dplus KIA Challengers
76794,2026-04-21 00:00:00+00:00,1,0.6026365738928346,0.6360244316844108,DN SOOPers Challengers,Hanwha Life Esports Challengers
78527,2026-04-21 00:00:00+00:00,0,0.720944741598567,0.7451765878372768,LYON,FlyQuest
78530,2026-04-21 00:00:00+00:00,0,0.6185790708705208,0.6508935483445921,Cloud9,Sentinels
76693,2026-04-22 00:00:00+00:00,0,0.4642827801195244,0.5043153680100292,Anonymo Esports,Barczaca Esports
76743,2026-04-22 00:00:00+00:00,0,0.47335624958918215,0.5131174073764325,Team Phantasma,Team Insidious
76745,2026-04-22 00:00:00+00:00,1,0.9353627653325185,0.9392606532163641,WLGaming Esports,ALMO Players
76776,2026-04-22 00:00:00+00:00,1,0.3957988920835344,0.43701651506297,Barca eSports,UCAM Esports
76815,2026-04-22 00:00:00+00:00,1,0.868278803666863,0.8785150205443009,FN Esports,One More Esports
76821,2026-04-22 00:00:00+00:00,1,0.6024699819560746,0.6358687583814329,Anubis Gaming,BAAM Esports
76824,2026-04-22 00:00:00+00:00,0,0.26206487377844134,0.30046271698795174,3BL Esports,Dragons Esports
76854,2026-04-22 00:00:00+00:00,0,0.4053670123380468,0.4465152224767618,Croatian Flair,Lupus Esports
76890,2026-04-22 00:00:00+00:00,0,0.7346729703864066,0.7576879806732874,Bushido Wildcats,BoostGate Esports
76914,2026-04-22 00:00:00+00:00,1,0.6238580533697808,0.6558049262469694,KT Rolster,Kiwoom DRX
76917,2026-04-22 00:00:00+00:00,1,0.5821450497558848,0.6168281849527156,Hanwha Life Esports,Nongshim RedForce
76944,2026-04-22 00:00:00+00:00,1,0.6586294649057719,0.6880117775520035,Weibo Gaming,Team WE
76947,2026-04-22 00:00:00+00:00,0,0.534455725204105,0.571757891968048,Ninjas in Pyjamas,Anyone s Legend
77025,2026-04-22 00:00:00+00:00,0,0.3276775048038377,0.36839432872584227,Skillcamp,TLN Pirates
77027,2026-04-22 00:00:00+00:00,1,0.7076187741188097,0.7330055965298701,Galions,Joblife
77028,2026-04-22 00:00:00+00:00,1,0.6550770931182441,0.6847323862512971,Karmine Corp Blue,Vitality.Bee
77040,2026-04-22 00:00:00+00:00,1,0.5154677987178051,0.5536475182637,Eintracht Spandau,G2 NORD
77043,2026-04-22 00:00:00+00:00,1,0.49649270496247605,0.5354490065752198,TeamOrangeGaming,Unicorns of Love Sexy Edition
78532,2026-04-22 00:00:00+00:00,0,0.46769396750633724,0.5076274934019399,Cloud9,Team Liquid
78535,2026-04-22 00:00:00+00:00,1,0.7323760629324024,0.7555964888949507,LYON,Disguised
76757,2026-04-23 00:00:00+00:00,1,0.5617475925902355,0.5976209479096388,Once Upon A Team,mCon esports
76760,2026-04-23 00:00:00+00:00,1,0.8012546528360498,0.8180499410679622,Frites Esports Club,Dynasty
76782,2026-04-23 00:00:00+00:00,0,0.30645732135342174,0.3466349555378743,GIANTX iTero,Team Heretics Academy
76797,2026-04-23 00:00:00+00:00,0,0.22730418191504617,0.2636392512633074,HANJIN BRION Challengers,KRX Challengers
76800,2026-04-23 00:00:00+00:00,0,0.38101969244029704,0.42227946462195237,Hanwha Life Esports Challengers,Dplus KIA Challengers
76827,2026-04-23 00:00:00+00:00,1,0.6176971240999388,0.6500724341103566,BAAM Esports,3BL Esports
76830,2026-04-23 00:00:00+00:00,0,0.32378281923822216,0.364415061364517,GnG Amazigh,Anubis Gaming
76833,2026-04-23 00:00:00+00:00,1,0.3917469999676577,0.4329841146094138,Dragons Esports,FN Esports
76836,2026-04-23 00:00:00+00:00,0,0.4236759062406416,0.4646017432513176,One More Esports,JSK Esports
76857,2026-04-23 00:00:00+00:00,0,0.13052165796487905,0.1574361788388585,The Secret Club,Partizan Sangal
76860,2026-04-23 00:00:00+00:00,1,0.31294615974948237,0.353309210658671,SPIKE Syndicate,Lupus Esports
76878,2026-04-23 00:00:00+00:00,1,0.2457654174131103,0.2832730979326261,Apex Mission Impossible,Blue Otter
76881,2026-04-23 00:00:00+00:00,0,0.5183943453114501,0.5564452531293755,Conviction,Supernova
76896,2026-04-23 00:00:00+00:00,1,0.8965648089256019,0.9040535773923614,PCIFIC Esports,Team Phoenix
76899,2026-04-23 00:00:00+00:00,1,0.8732481932335505,0.8829979167412648,Misa Esports,SU Esports
76920,2026-04-23 00:00:00+00:00,0,0.3297832876532483,0.3705431982733946,HANJIN BRION,Dplus KIA
76923,2026-04-23 00:00:00+00:00,1,0.7988678416946686,0.8158933288908876,Gen.G,DN SOOPers
76950,2026-04-23 00:00:00+00:00,1,0.5085791565379645,0.5470526300319669,LGD Gaming,EDward Gaming
76953,2026-04-23 00:00:00+00:00,1,0.3497428750081498,0.3908207604312006,Ninjas in Pyjamas,Bilibili Gaming
77030,2026-04-23 00:00:00+00:00,0,0.3966040317217273,0.4378170754595763,Skillcamp,Ici Japon Corp. Esport
77031,2026-04-23 00:00:00+00:00,1,0.6046341670184263,0.6378906143798411,TLN Pirates,Joblife
77032,2026-04-23 00:00:00+00:00,1,0.7838011086225041,0.8022695213127005,Solary,Vitality.Bee
77033,2026-04-23 00:00:00+00:00,1,0.66684155275814,0.6955836994329455,Galions,Esprit Shonen
77034,2026-04-23 00:00:00+00:00,1,0.7461817706399445,0.7681570414698724,Karmine Corp Blue,ZYB Esport
77046,2026-04-23 00:00:00+00:00,1,0.7159049868006145,0.7405767702902296,E WIE EINFACH E-SPORTS,Eintracht Frankfurt
77049,2026-04-23 00:00:00+00:00,0,0.05711483428125363,0.07211482960462649,ROSSMANN Centaurs,Berlin International Gaming
77075,2026-04-23 00:00:00+00:00,1,0.8024106659324095,0.8190943166080162,HMBLE,GMBLERS Esports
78537,2026-04-23 00:00:00+00:00,1,0.5847980013723496,0.6193189550198821,Team Liquid,LYON
78540,2026-04-23 00:00:00+00:00,0,0.34209217660695795,0.38306730637621955,FlyQuest,Sentinels
76803,2026-04-24 00:00:00+00:00,0,0.29280712663446506,0.3325340180318345,Gen.G Global Academy,KT Rolster Challengers
76806,2026-04-24 00:00:00+00:00,1,0.7184891594021582,0.7429358295248438,Nongshim Esports Academy,DN SOOPers Challengers
76839,2026-04-24 00:00:00+00:00,1,0.3520968239429374,0.39320162017602545,3BL Esports,GnG Amazigh
76842,2026-04-24 00:00:00+00:00,0,0.1387210773931586,0.16667482039287077,One More Esports,Dragons Esports
76845,2026-04-24 00:00:00+00:00,0,0.20290857561350226,0.23741100003782764,JSK Esports,Anubis Gaming
76848,2026-04-24 00:00:00+00:00,1,0.7092996454266,0.7345422711507978,FN Esports,BAAM Esports
76884,2026-04-24 00:00:00+00:00,1,0.6040421678828914,0.6373376529127622,Winthrop University,Blue Otter
76887,2026-04-24 00:00:00+00:00,0,0.40536520749296395,0.4465134337936347,Apex Mission Impossible,Dorado Gaming
76926,2026-04-24 00:00:00+00:00,0,0.3597727087340141,0.400950075151688,BNK FearX,KT Rolster
76929,2026-04-24 00:00:00+00:00,1,0.6485671288049069,0.6787163684078584,Hanwha Life Esports,Kiwoom DRX
76956,2026-04-24 00:00:00+00:00,0,0.35236182591977994,0.39346951410245495,Oh My God,LNG Esports
76959,2026-04-24 00:00:00+00:00,1,0.5887299109614303,0.623007444505157,JD Gaming,Invictus Gaming
77052,2026-04-24 00:00:00+00:00,0,0.5237764308643059,0.5615842679382438,Shifters,Fnatic
77055,2026-04-24 00:00:00+00:00,0,0.3623746193215634,0.4035713598865752,Natus Vincere,Karmine Corp
77080,2026-04-24 00:00:00+00:00,1,0.5067681071740082,0.5453165886410745,Colossal Gaming,EKO Esports
76809,2026-04-25 00:00:00+00:00,0,0.0860333958498859,0.10635294761846681,HANJIN BRION Challengers,T1 Esports Academy
76902,2026-04-25 00:00:00+00:00,0,0.49256631085681396,0.5316703809230385,Los Grandes,RED Canids
76905,2026-04-25 00:00:00+00:00,0,0.22443052024283566,0.26056680592111675,paiN Gaming,Fluxo W7M
76932,2026-04-25 00:00:00+00:00,1,0.7306644346197108,0.7540374663120493,T1,HANJIN BRION
76935,2026-04-25 00:00:00+00:00,1,0.709490152983525,0.7347164080791875,Dplus KIA,DN SOOPers
76962,2026-04-25 00:00:00+00:00,1,0.5118442848206315,0.5501801842327148,Top Esports,Ninjas in Pyjamas
76965,2026-04-25 00:00:00+00:00,0,0.29032396329645915,0.3299598540558976,Team WE,JD Gaming
76968,2026-04-25 00:00:00+00:00,0,0.4448059290793248,0.48533387637634723,Weibo Gaming,Anyone s Legend
76977,2026-04-25 00:00:00+00:00,0,0.13123609305463566,0.15824317749106995,DetonatioN FocusMe,GAM Esports
76980,2026-04-25 00:00:00+00:00,1,0.8048954108958292,0.8213387985178765,Team Secret Whales,Ground Zero Gaming
77013,2026-04-25 00:00:00+00:00,1,0.6109336475894019,0.6437698596909381,FlyQuest,Dignitas
77016,2026-04-25 00:00:00+00:00,1,0.7633596792255448,0.7837526738078048,Cloud9,Shopify Rebellion
77058,2026-04-25 00:00:00+00:00,0,0.26369407633096625,0.3021736525913118,Fnatic,Natus Vincere
77061,2026-04-25 00:00:00+00:00,1,0.8654616086589016,0.875974057667778,Karmine Corp,Shifters
76812,2026-04-26 00:00:00+00:00,0,0.11251537738816157,0.13696448150083715,BNK FEARX Youth,T1 Esports Academy
76908,2026-04-26 00:00:00+00:00,1,0.6256357941110667,0.6574575391670012,FURIA,LOUD
76911,2026-04-26 00:00:00+00:00,0,0.32778313119643343,0.3685021604460553,Leviatan,Vivo Keyd Stars
76938,2026-04-26 00:00:00+00:00,1,0.6285039969457389,0.6601224579422277,T1,BNK FearX
76941,2026-04-26 00:00:00+00:00,0,0.266013528589377,0.3046072347181471,Nongshim RedForce,Gen.G
76971,2026-04-26 00:00:00+00:00,1,0.1604729972212945,0.19094867298338108,Ultra Prime,LGD Gaming
76974,2026-04-26 00:00:00+00:00,1,0.7048580253976685,0.7304807281071232,Bilibili Gaming,Weibo Gaming
76983,2026-04-26 00:00:00+00:00,1,0.38676848349950693,0.42802137258368234,Fukuoka SoftBank HAWKS gaming,Deep Cross Gaming
76986,2026-04-26 00:00:00+00:00,1,0.5960080653961073,0.6298255123983948,MVK Esports,CTBC Flying Oyster
77019,2026-04-26 00:00:00+00:00,1,0.7456201111379601,0.7676465186331883,LYON,Disguised
77022,2026-04-26 00:00:00+00:00,1,0.6323735738806701,0.6637150563460523,Team Liquid,Sentinels
77064,2026-04-26 00:00:00+00:00,0,0.20730046583538853,0.24215751476169778,Shifters,Natus Vincere
77067,2026-04-26 00:00:00+00:00,1,0.8714959685103468,0.8814171066399541,Karmine Corp,Fnatic
76701,2026-04-27 00:00:00+00:00,0,0.7020523836778957,0.7279135712849653,SDM Tigres,G3V E-sports
77145,2026-04-27 00:00:00+00:00,1,0.35107055919601754,0.3921638933785745,G2 NORD,E WIE EINFACH E-SPORTS
77148,2026-04-27 00:00:00+00:00,0,0.24127218906649658,0.2785108520368966,Kaufland Hangry Knights,Unicorns of Love Sexy Edition
77244,2026-04-27 00:00:00+00:00,1,0.2724425891796374,0.3113390585038289,HANJIN BRION Challengers,Hanwha Life Esports Challengers
77247,2026-04-27 00:00:00+00:00,0,0.6973554626839638,0.7236130756506797,Nongshim Esports Academy,Dplus KIA Challengers
77250,2026-04-27 00:00:00+00:00,0,0.23210711703165518,0.26876452470707596,Gen.G Global Academy,DN SOOPers Challengers
76768,2026-04-28 00:00:00+00:00,0,0.5943073440488871,0.6282333974454818,Malvinas Gaming,Volticons
77123,2026-04-28 00:00:00+00:00,1,0.9675950340290785,0.9688914277745327,WLGaming Esports,The ParadOx
77163,2026-04-28 00:00:00+00:00,1,0.7242560143913352,0.7481967903870057,Frites Esports Club,The Bandits
77166,2026-04-28 00:00:00+00:00,1,0.4240661457592842,0.46498598810931063,Once Upon A Team,Dynasty
77205,2026-04-28 00:00:00+00:00,0,0.27197858458491514,0.3108538662827358,Invictus Gaming,Anyone s Legend
77208,2026-04-28 00:00:00+00:00,1,0.3673798560874109,0.4086065088783473,Weibo Gaming,Top Esports
77253,2026-04-28 00:00:00+00:00,0,0.7491706523122724,0.7708731390151378,KRX Challengers,BNK FEARX Youth
77256,2026-04-28 00:00:00+00:00,1,0.7553792411784659,0.7765116256251868,T1 Esports Academy,KT Rolster Challengers
77298,2026-04-28 00:00:00+00:00,1,0.4839035670990371,0.5233176158892358,The Secret Club,Lupus Esports
77301,2026-04-28 00:00:00+00:00,1,0.649369741364621,0.6794585281688167,SPIKE Syndicate,Croatian Flair
77390,2026-04-28 00:00:00+00:00,0,0.46306588359212036,0.5031329344735916,RMD Gaming,paiN Gaming Academy
78379,2026-04-28 00:00:00+00:00,1,0.5118705097914066,0.5502052920769139,Fnatic,Shifters
78382,2026-04-28 00:00:00+00:00,1,0.4061083815072468,0.44724985565513425,Natus Vincere,Galions
78385,2026-04-28 00:00:00+00:00,0,0.4180061572144481,0.45901323371901664,Team Heretics,SK Gaming
78388,2026-04-28 00:00:00+00:00,1,0.5152733314390828,0.5534615260508097,Team Vitality,Solary
78543,2026-04-28 00:00:00+00:00,1,0.23866331694286722,0.27574099676173974,FlyQuest,Team Liquid
77125,2026-04-29 00:00:00+00:00,1,0.7787972743835071,0.7977405899428497,GOAL,Gamespace MCE
77154,2026-04-29 00:00:00+00:00,1,0.7931750220616764,0.8107478561354982,Kaufland Hangry Knights,ROSSMANN Centaurs
77175,2026-04-29 00:00:00+00:00,0,0.30573948442194665,0.3458954760599043,Nongshim RedForce,T1
77178,2026-04-29 00:00:00+00:00,0,0.5049844187176218,0.5436058640415702,KT Rolster,Hanwha Life Esports
77211,2026-04-29 00:00:00+00:00,0,0.5006178522524217,0.5394140793183991,Ninjas in Pyjamas,JD Gaming
77214,2026-04-29 00:00:00+00:00,0,0.13118748168032576,0.158188280267114,Team WE,Bilibili Gaming
77304,2026-04-29 00:00:00+00:00,0,0.4677662217351453,0.5076976103226438,SPIKE Syndicate,The Secret Club
77328,2026-04-29 00:00:00+00:00,0,0.9018852777593098,0.9088656181352028,NRG,Citadel Gaming
77331,2026-04-29 00:00:00+00:00,1,0.7213835852111107,0.7455769469567728,Maryville University,CCG Esports
77452,2026-04-29 00:00:00+00:00,1,0.4176343096326458,0.45864632953092094,L Guide Gaming,Rising Gaming
78391,2026-04-29 00:00:00+00:00,1,0.8053275824177433,0.8217291391684315,G2 Esports,Fnatic
78394,2026-04-29 00:00:00+00:00,0,0.4745610377837843,0.5142842518389618,GIANTX,Natus Vincere
78397,2026-04-29 00:00:00+00:00,1,0.7948865828836972,0.8122951164556591,Karmine Corp,SK Gaming
78400,2026-04-29 00:00:00+00:00,1,0.3827114295095011,0.42397044548982565,Movistar KOI,Team Vitality
78546,2026-04-29 00:00:00+00:00,1,0.6213815611337153,0.6535016268607498,Sentinels,FlyQuest
76989,2026-04-30 00:00:00+00:00,1,0.2059761333694044,0.24072741558438335,CITA Kaizen,eSuba
76992,2026-04-30 00:00:00+00:00,1,0.8614727316797101,0.8723767173032477,Nightbirds,BRUTE
77109,2026-04-30 00:00:00+00:00,0,0.6709651173985013,0.6993811072200298,PCIFIC Esports,SU Esports
77112,2026-04-30 00:00:00+00:00,1,0.7694717371283933,0.7892937028669029,Dark Passage,Team Phoenix
77131,2026-04-30 00:00:00+00:00,0,0.8988060606927833,0.9060802183562351,Gamespace MCE,ALMO Players
77157,2026-04-30 00:00:00+00:00,1,0.3775313580441212,0.41878932551991355,TeamOrangeGaming,Berlin International Gaming
77160,2026-04-30 00:00:00+00:00,1,0.6613545987642216,0.6905258759323556,Eintracht Frankfurt,VfB eSports
77169,2026-04-30 00:00:00+00:00,1,0.7655468322498638,0.785735947861317,Senshi eSports,ZennIT
77172,2026-04-30 00:00:00+00:00,1,0.49539446885263705,0.5343925552273621,Myth Esports,mCon esports
77181,2026-04-30 00:00:00+00:00,1,0.7630874698346053,0.7835058023591319,Gen.G,Kiwoom DRX
77184,2026-04-30 00:00:00+00:00,0,0.39948060763876275,0.4406753889786274,BNK FearX,Dplus KIA
77217,2026-04-30 00:00:00+00:00,0,0.2387283286814635,0.2758100631051616,ThunderTalk Gaming,LGD Gaming
77220,2026-04-30 00:00:00+00:00,0,0.2941929518478288,0.333969412779993,Ultra Prime,EDward Gaming
77259,2026-04-30 00:00:00+00:00,1,0.5044640803021773,0.5431066398379651,KT Rolster Challengers,DN SOOPers Challengers
77262,2026-04-30 00:00:00+00:00,0,0.18999099923596666,0.22338506617614934,Gen.G Global Academy,Dplus KIA Challengers
77265,2026-04-30 00:00:00+00:00,1,0.12216265814545924,0.14796484693830336,HANJIN BRION Challengers,Nongshim Esports Academy
77334,2026-04-30 00:00:00+00:00,0,0.4088446572622372,0.44995959518251566,Dorado Gaming,Winthrop University
77337,2026-04-30 00:00:00+00:00,0,0.38561158143878294,0.4268668361381108,Citadel Gaming,CCG Esports
77455,2026-04-30 00:00:00+00:00,0,0.13967343056402715,0.1677446384407198,RAYN Clocks,FENNEL
77490,2026-04-30 00:00:00+00:00,1,0.9250428424561081,0.9298637378762745,Movistar KOI Fenix,UB Alma Mater
77493,2026-04-30 00:00:00+00:00,0,0.4050326356229652,0.4461838203903835,GIANTX iTero,UCAM Esports
78403,2026-04-30 00:00:00+00:00,0,0.8252549021287139,0.8397160886767064,Team Vitality,Shifters
78406,2026-04-30 00:00:00+00:00,0,0.3285849832986152,0.36932060206865797,SK Gaming,Galions
78409,2026-04-30 00:00:00+00:00,1,0.7269841893606449,0.7506839722938382,GIANTX,Team Heretics
78412,2026-04-30 00:00:00+00:00,0,0.22119053549505346,0.2570973218131949,Fnatic,Solary
76998,2026-05-01 00:00:00+00:00,1,0.5182932603973797,0.5563486570858592,EXILE esports,Onion Team
77118,2026-05-01 00:00:00+00:00,1,0.8902812319309401,0.8983746980899098,Misa Esports,BoostGate Esports
77187,2026-05-01 00:00:00+00:00,0,0.46178370903333277,0.5018865710615741,DN SOOPers,HANJIN BRION
77190,2026-05-01 00:00:00+00:00,1,0.5030856874258367,0.5417838052131165,Hanwha Life Esports,T1
77223,2026-05-01 00:00:00+00:00,0,0.46130005423392884,0.5014162910478946,Top Esports,Anyone s Legend
77226,2026-05-01 00:00:00+00:00,1,0.43036187171479867,0.4711778899268743,Invictus Gaming,Weibo Gaming
77268,2026-05-01 00:00:00+00:00,0,0.6040477366386454,0.6373428548190143,Hanwha Life Esports Challengers,BNK FEARX Youth
77271,2026-05-01 00:00:00+00:00,1,0.22996117783080233,0.26647608872332135,KRX Challengers,T1 Esports Academy
77340,2026-05-01 00:00:00+00:00,1,0.9511127915150468,0.9536727487873047,Maryville University,Apex Mission Impossible
77343,2026-05-01 00:00:00+00:00,1,0.771747673962979,0.7913560039850696,Supernova,Blue Otter
77405,2026-05-01 00:00:00+00:00,0,0.6855309759181641,0.7127704922413193,JSK Esports,One More Esports
77408,2026-05-01 00:00:00+00:00,1,0.3907300704384318,0.43197114239823486,3BL Esports,GnG Amazigh
77429,2026-05-01 00:00:00+00:00,1,0.5466427565659643,0.5833307160789694,TLN Pirates,Esprit Shonen
77430,2026-05-01 00:00:00+00:00,1,0.36112968999218714,0.4023174885754131,Skillcamp,Joblife
77431,2026-05-01 00:00:00+00:00,0,0.5356659265932262,0.5729088555447647,Ici Japon Corp. Esport,Vitality.Bee
77432,2026-05-01 00:00:00+00:00,0,0.5569245624042068,0.5930643270049843,Galions,Karmine Corp Blue
77433,2026-05-01 00:00:00+00:00,1,0.8701994522421629,0.8802475148749904,Solary,ZYB Esport
77464,2026-05-01 00:00:00+00:00,1,0.28081945842287687,0.3200808969886475,New Meta,L Guide Gaming
77550,2026-05-01 00:00:00+00:00,1,0.31158009282298615,0.35190563117906204,Zena Esports,Aeterna Esports
77001,2026-05-02 00:00:00+00:00,1,0.573802786055213,0.6089849503454973,CITA Kaizen,Meavedron
77004,2026-05-02 00:00:00+00:00,1,0.9309238865433528,0.9352150380444288,Nightbirds,EXILE esports
77193,2026-05-02 00:00:00+00:00,1,0.6617508608803644,0.6908913348536506,Gen.G,Dplus KIA
77196,2026-05-02 00:00:00+00:00,1,0.5198146533120716,0.5578021907956212,Kiwoom DRX,Nongshim RedForce
77229,2026-05-02 00:00:00+00:00,0,0.2251725780724125,0.26136062272872573,Team WE,JD Gaming
77232,2026-05-02 00:00:00+00:00,0,0.40371776934892717,0.44488026788640056,Weibo Gaming,Top Esports
77235,2026-05-02 00:00:00+00:00,0,0.300037729817004,0.34001373507517163,Invictus Gaming,Anyone s Legend
77274,2026-05-02 00:00:00+00:00,1,0.6330592690664153,0.6643513468302983,MVK Esports,Ground Zero Gaming
77277,2026-05-02 00:00:00+00:00,1,0.4688333468658479,0.5087329815862283,GAM Esports,Deep Cross Gaming
77286,2026-05-02 00:00:00+00:00,0,0.6252494613694178,0.657098455574402,Leviatan,paiN Gaming
77289,2026-05-02 00:00:00+00:00,1,0.561265178228135,0.5971654436628753,FURIA,RED Canids
77316,2026-05-02 00:00:00+00:00,1,0.8039021357447497,0.8204416180674675,Cloud9,Dignitas
77319,2026-05-02 00:00:00+00:00,1,0.8205495174076655,0.8354706762528901,Team Liquid,Disguised
77360,2026-05-02 00:00:00+00:00,1,0.5708047536114137,0.6061621496195414,Fnatic,Team Heretics
77363,2026-05-02 00:00:00+00:00,1,0.7632325534962238,0.7836373822766296,Team Vitality,SK Gaming
77199,2026-05-03 00:00:00+00:00,0,0.6900343609124219,0.716902680470137,KT Rolster,HANJIN BRION
77202,2026-05-03 00:00:00+00:00,0,0.363273736148885,0.4044765615790157,DN SOOPers,BNK FearX
77238,2026-05-03 00:00:00+00:00,0,0.2338780976040516,0.2706512620773886,ThunderTalk Gaming,LNG Esports
77241,2026-05-03 00:00:00+00:00,0,0.3086157696521666,0.34885711899534594,Ninjas in Pyjamas,Bilibili Gaming
77280,2026-05-03 00:00:00+00:00,1,0.8797259636532226,0.8888434129119956,Fukuoka SoftBank HAWKS gaming,DetonatioN FocusMe
77283,2026-05-03 00:00:00+00:00,0,0.16132230078594523,0.19188981732995666,CTBC Flying Oyster,Team Secret Whales
77292,2026-05-03 00:00:00+00:00,0,0.5136629267909054,0.5519208987390759,Fluxo W7M,Los Grandes
77295,2026-05-03 00:00:00+00:00,1,0.4902250214866663,0.5294150566735696,LOUD,Vivo Keyd Stars
77322,2026-05-03 00:00:00+00:00,1,0.5295687845433158,0.5671061733638544,LYON,Sentinels
77325,2026-05-03 00:00:00+00:00,1,0.6506280212220245,0.6806217807450071,FlyQuest,Shopify Rebellion
77366,2026-05-03 00:00:00+00:00,0,0.4458634373043813,0.4863676063665019,Team Heretics,Shifters
77369,2026-05-03 00:00:00+00:00,1,0.6208781431790398,0.6530332554906119,G2 Esports,Natus Vincere
77682,2026-05-03 00:00:00+00:00,0,0.17158189296545998,0.20322116956145106,Meavedron,eSuba
77372,2026-05-04 00:00:00+00:00,0,0.24458617438124852,0.2820242554172519,Fnatic,Team Vitality
77375,2026-05-04 00:00:00+00:00,0,0.28895569201481,0.32854023858512754,Shifters,Movistar KOI
77395,2026-05-04 00:00:00+00:00,1,0.3774734445067605,0.41873134364323256,Zeu5 Esports,Polar Squad Esports
77508,2026-05-04 00:00:00+00:00,1,0.44045873745799174,0.481080607774838,DN SOOPers Challengers,Dplus KIA Challengers
77511,2026-05-04 00:00:00+00:00,0,0.5499959495204257,0.5865081077947646,KT Rolster Challengers,KRX Challengers
77514,2026-05-04 00:00:00+00:00,0,0.17343016404655798,0.20525523995445907,Hanwha Life Esports Challengers,T1 Esports Academy
78463,2026-05-04 00:00:00+00:00,0,0.6969089274078929,0.7232040423237962,Kiwoom DRX,DN SOOPers
78466,2026-05-04 00:00:00+00:00,0,0.6313157785325028,0.6627332851545313,KT Rolster,BNK FearX
78469,2026-05-04 00:00:00+00:00,1,0.6783381471696971,0.7061633021762099,T1,HANJIN BRION
77091,2026-05-05 00:00:00+00:00,1,0.5834562755539245,0.6180594606226408,Anonymo Esports,DOCISK
77094,2026-05-05 00:00:00+00:00,1,0.6368136565889588,0.6678335160056226,Forsaken,LODIS
77411,2026-05-05 00:00:00+00:00,0,0.6688519999388284,0.6974355169603474,GnG Amazigh,JSK Esports
77414,2026-05-05 00:00:00+00:00,0,0.30003615732006894,0.340012110949602,One More Esports,3BL Esports
77434,2026-05-05 00:00:00+00:00,0,0.3686761758781854,0.40990900739116515,Seven Dark,9z Globant
77496,2026-05-05 00:00:00+00:00,1,0.4313192670606382,0.4721183296308562,GOAL,Team Insidious
77498,2026-05-05 00:00:00+00:00,0,0.47090363519540607,0.5107406640051653,ALMO Players,The ParadOx
77517,2026-05-05 00:00:00+00:00,1,0.8220785091977106,0.8368503059547007,Nongshim Esports Academy,BNK FEARX Youth
77520,2026-05-05 00:00:00+00:00,1,0.5724449086275282,0.6077067107173117,HANJIN BRION Challengers,Gen.G Global Academy
77568,2026-05-05 00:00:00+00:00,1,0.5915226524026176,0.6256250941678155,Eintracht Spandau,E WIE EINFACH E-SPORTS
77571,2026-05-05 00:00:00+00:00,1,0.6265458471511404,0.6583032792771393,Berlin International Gaming,Unicorns of Love Sexy Edition
77586,2026-05-05 00:00:00+00:00,0,0.3264467799054391,0.36713756394336095,ZennIT,Dynasty
77589,2026-05-05 00:00:00+00:00,1,0.20027332235697878,0.23455761140858014,mCon esports,The Bandits
77604,2026-05-05 00:00:00+00:00,1,0.6917743199952621,0.7184983036915558,L Guide Gaming,DetonatioN FocusMe Academy
77607,2026-05-05 00:00:00+00:00,0,0.10389627893160969,0.12707061414651094,New Meta,FENNEL
77616,2026-05-05 00:00:00+00:00,0,0.3823636488118619,0.423622906962938,Dark Passage,Bushido Wildcats
77619,2026-05-05 00:00:00+00:00,1,0.8313452941117121,0.8452098587031901,Misa Esports,PCIFIC Esports
77684,2026-05-05 00:00:00+00:00,1,0.8891537024494551,0.8973561017440765,eSuba,Onion Team
78446,2026-05-05 00:00:00+00:00,0,0.04907556907230649,0.062415619677595575,DetonatioN FocusMe,Team Secret Whales
78449,2026-05-05 00:00:00+00:00,0,0.5047724513515817,0.5434025071826605,Deep Cross Gaming,GAM Esports
78471,2026-05-05 00:00:00+00:00,1,0.7890435834046919,0.8070120450814426,Hanwha Life Esports,DN SOOPers
78474,2026-05-05 00:00:00+00:00,1,0.6374917566135224,0.66846214202778,Dplus KIA,Nongshim RedForce
77100,2026-05-06 00:00:00+00:00,1,0.468579109318885,0.5084863411657412,Barczaca Esports,BOMBA Team
77417,2026-05-06 00:00:00+00:00,1,0.5499919448040751,0.5865043147681177,3BL Esports,JSK Esports
77420,2026-05-06 00:00:00+00:00,0,0.22970331336253383,0.2662009360718648,One More Esports,GnG Amazigh
77500,2026-05-06 00:00:00+00:00,0,0.14249820919024514,0.17091393548501554,Gamespace MCE,WLGaming Esports
77538,2026-05-06 00:00:00+00:00,0,0.6185958825411054,0.6509091987978491,Falke Esports,LUA Gaming
77541,2026-05-06 00:00:00+00:00,1,0.6548842322146894,0.6845542765909227,Barca eSports,GIANTX iTero
77574,2026-05-06 00:00:00+00:00,0,0.16493057060623992,0.1958829111861471,VfB eSports,G2 NORD
77577,2026-05-06 00:00:00+00:00,0,0.07861324734392001,0.09765583005361379,ROSSMANN Centaurs,TeamOrangeGaming
77622,2026-05-06 00:00:00+00:00,0,0.12743820062948835,0.15394873416433513,Team Phoenix,SU Esports
77634,2026-05-06 00:00:00+00:00,0,0.2902490289886216,0.32988212998259603,Conviction,NRG
77637,2026-05-06 00:00:00+00:00,0,0.23230422108951512,0.26897459427553455,Dorado Gaming,Supernova
77652,2026-05-06 00:00:00+00:00,1,0.7648787943093636,0.7851302371807017,Gen.G,Nongshim RedForce
77655,2026-05-06 00:00:00+00:00,1,0.8093257603066176,0.8253397598297452,Hanwha Life Esports,DN SOOPers
77690,2026-05-06 00:00:00+00:00,0,0.16497057915680577,0.19592713829182484,CITA Kaizen,Nightbirds
77693,2026-05-06 00:00:00+00:00,0,0.7655734430147557,0.785760074872897,BRUTE,Onion Team
77708,2026-05-06 00:00:00+00:00,1,0.40231542009219623,0.44348931010971093,Team WE,Invictus Gaming
77711,2026-05-06 00:00:00+00:00,0,0.5120712539654825,0.5503974785877251,Top Esports,JD Gaming
77807,2026-05-06 00:00:00+00:00,1,0.3189596459557309,0.3594782674890616,Lenovo Legion Honved,SPIKE Syndicate
77816,2026-05-06 00:00:00+00:00,1,0.612694042191836,0.6454112519118255,TLN Pirates,Esprit Shonen
77819,2026-05-06 00:00:00+00:00,1,0.6951116887156972,0.7215574132955416,Karmine Corp Blue,Ici Japon Corp. Esport
77828,2026-05-06 00:00:00+00:00,0,0.27132662457463375,0.31017196244132145,Uwinks,Rising Gaming
78452,2026-05-06 00:00:00+00:00,1,0.5268469588680131,0.5645125664808852,CTBC Flying Oyster,Ground Zero Gaming
78455,2026-05-06 00:00:00+00:00,1,0.44146209968856226,0.4820628397094116,Fukuoka SoftBank HAWKS gaming,MVK Esports
77103,2026-05-07 00:00:00+00:00,0,0.0822457765317631,0.10192054125540939,GLORE,BOMBA Team
77106,2026-05-07 00:00:00+00:00,1,0.5874774594120039,0.6218329246715749,Anonymo Esports,LODIS
77504,2026-05-07 00:00:00+00:00,1,0.4477578363764899,0.4882185040601882,Team Phantasma,WLGaming Esports
77506,2026-05-07 00:00:00+00:00,1,0.3997583311990384,0.44095119249542125,Spartans EU,Gamespace MCE
77523,2026-05-07 00:00:00+00:00,0,0.4092658631448476,0.45037648281345805,Gen.G Global Academy,BNK FEARX Youth
77526,2026-05-07 00:00:00+00:00,0,0.5438358128823381,0.5806686932148986,T1 Esports Academy,Nongshim Esports Academy
77529,2026-05-07 00:00:00+00:00,1,0.29792140219252106,0.3378269244765612,Hanwha Life Esports Challengers,KRX Challengers
77544,2026-05-07 00:00:00+00:00,0,0.2219514191904301,0.25791261610513516,UB Alma Mater,UCAM Esports
77547,2026-05-07 00:00:00+00:00,1,0.3768498422393237,0.4181069258566079,Team Heretics Academy,Movistar KOI Fenix
77555,2026-05-07 00:00:00+00:00,1,0.7656030452192616,0.7857869140243777,HMBLE,Colossal Gaming
77580,2026-05-07 00:00:00+00:00,0,0.21364852228191855,0.24899871718018188,Eintracht Frankfurt,Eintracht Spandau
77583,2026-05-07 00:00:00+00:00,1,0.781882058410154,0.800532875727532,Berlin International Gaming,Kaufland Hangry Knights
77592,2026-05-07 00:00:00+00:00,1,0.6191191304479625,0.6513962744799533,Senshi eSports,Once Upon A Team
77595,2026-05-07 00:00:00+00:00,1,0.9121152036485146,0.9181293571509893,Frites Esports Club,Myth Esports
77628,2026-05-07 00:00:00+00:00,1,0.9305093275731146,0.9348375091891706,Misa Esports,Dark Passage
77631,2026-05-07 00:00:00+00:00,0,0.49056235438582024,0.5297401031212374,Bushido Wildcats,PCIFIC Esports
77640,2026-05-07 00:00:00+00:00,1,0.6243617685490546,0.6562732548486292,Conviction,Blue Otter
77643,2026-05-07 00:00:00+00:00,1,0.6789480514278918,0.7067238987455293,NRG,CCG Esports
77658,2026-05-07 00:00:00+00:00,0,0.538561797714805,0.5756613972205733,Dplus KIA,KT Rolster
77661,2026-05-07 00:00:00+00:00,1,0.3978174259224356,0.43902312811703986,HANJIN BRION,BNK FearX
77714,2026-05-07 00:00:00+00:00,1,0.6616034998321852,0.6907554322695096,Weibo Gaming,Team WE
77717,2026-05-07 00:00:00+00:00,0,0.5667046202680003,0.6022981016834615,Anyone s Legend,Ninjas in Pyjamas
77822,2026-05-07 00:00:00+00:00,0,0.3130825699172854,0.3534493223263558,Vitality.Bee,Galions
77825,2026-05-07 00:00:00+00:00,1,0.8835526298097044,0.8922978274109649,Solary,ZYB Esport
78550,2026-05-07 00:00:00+00:00,1,0.7169896716943093,0.741567086452818,Team Secret Whales,GAM Esports
78553,2026-05-07 00:00:00+00:00,1,0.6696251194609345,0.6981474382275951,Fukuoka SoftBank HAWKS gaming,CTBC Flying Oyster
77532,2026-05-08 00:00:00+00:00,1,0.4826068785020189,0.5220654079522751,KT Rolster Challengers,Dplus KIA Challengers
77535,2026-05-08 00:00:00+00:00,0,0.2704255657697426,0.3092291843400619,HANJIN BRION Challengers,DN SOOPers Challengers
77646,2026-05-08 00:00:00+00:00,1,0.835275155218552,0.8487541335068368,Maryville University,Winthrop University
77649,2026-05-08 00:00:00+00:00,1,0.7575573316887214,0.7784886348037077,Citadel Gaming,Apex Mission Impossible
77664,2026-05-08 00:00:00+00:00,1,0.7866284366374848,0.8048275155076601,T1,DN SOOPers
77667,2026-05-08 00:00:00+00:00,0,0.2922670829722584,0.3319744218869,Kiwoom DRX,Gen.G
77720,2026-05-08 00:00:00+00:00,0,0.20875145021983804,0.24372323107690327,Ultra Prime,LNG Esports
77723,2026-05-08 00:00:00+00:00,0,0.38996424983994576,0.4312080533669675,JD Gaming,Bilibili Gaming
77786,2026-05-08 00:00:00+00:00,0,0.5119879422787728,0.5503177198268691,Karmine Corp,G2 Esports
77789,2026-05-08 00:00:00+00:00,0,0.43581297611343905,0.47652837147875154,GIANTX,Movistar KOI
77831,2026-05-08 00:00:00+00:00,1,0.542436656262532,0.5793410067224717,BAAM Esports,3BL Esports
77996,2026-05-08 00:00:00+00:00,1,0.5411378875840238,0.5781081213235271,GMBLERS Esports,Zena Esports
77670,2026-05-09 00:00:00+00:00,0,0.5723553457880325,0.607622384851234,KT Rolster,BNK FearX
77673,2026-05-09 00:00:00+00:00,1,0.5563841290076178,0.5925533799276193,HANJIN BRION,Nongshim RedForce
77696,2026-05-09 00:00:00+00:00,0,0.4819612866949249,0.5214417743257227,Ground Zero Gaming,CTBC Flying Oyster
77699,2026-05-09 00:00:00+00:00,1,0.7129998096746267,0.7379234781854752,Team Secret Whales,MVK Esports
77726,2026-05-09 00:00:00+00:00,1,0.29127894497213097,0.3309501649969407,Invictus Gaming,Ninjas in Pyjamas
77729,2026-05-09 00:00:00+00:00,1,0.774591510329642,0.7939321591397582,Top Esports,Team WE
77738,2026-05-09 00:00:00+00:00,0,0.23942432065084576,0.27654932428641416,Shopify Rebellion,Sentinels
77741,2026-05-09 00:00:00+00:00,1,0.5008402571624867,0.5396277142544871,Disguised,Dignitas
77792,2026-05-09 00:00:00+00:00,1,0.6945353921829669,0.7210292983031404,G2 Esports,GIANTX
77795,2026-05-09 00:00:00+00:00,1,0.6177948362386259,0.6501634147857024,Karmine Corp,Movistar KOI
78032,2026-05-09 00:00:00+00:00,0,0.44139962255737153,0.4820016879356042,Vivo Keyd Stars,LOUD
77676,2026-05-10 00:00:00+00:00,1,0.5462483546256023,0.582956800594431,T1,Dplus KIA
77679,2026-05-10 00:00:00+00:00,0,0.2778998769472502,0.31703786811751966,Kiwoom DRX,Hanwha Life Esports
77702,2026-05-10 00:00:00+00:00,0,0.10051728592167301,0.12317418146517316,DetonatioN FocusMe,Deep Cross Gaming
77705,2026-05-10 00:00:00+00:00,0,0.5026913855567088,0.5414052962460774,Fukuoka SoftBank HAWKS gaming,GAM Esports
77732,2026-05-10 00:00:00+00:00,0,0.6202689819337107,0.6524664299309136,Ninjas in Pyjamas,Weibo Gaming
77735,2026-05-10 00:00:00+00:00,1,0.45191018065512273,0.49227145202246747,JD Gaming,Anyone s Legend
77744,2026-05-10 00:00:00+00:00,1,0.6807831538101562,0.708410248092377,Cloud9,FlyQuest
77747,2026-05-10 00:00:00+00:00,1,0.46869626950044946,0.508600002845322,LYON,Team Liquid
77798,2026-05-10 00:00:00+00:00,0,0.6742205672104533,0.7023768828500038,Karmine Corp,GIANTX
77801,2026-05-10 00:00:00+00:00,1,0.36125042460968554,0.40243911671401417,Movistar KOI,G2 Esports
78037,2026-05-10 00:00:00+00:00,0,0.556865239449098,0.5930082443538691,Los Grandes,Fluxo W7M
77760,2026-05-11 00:00:00+00:00,1,0.8472403343176189,0.8595434534616697,SDM Tigres,LYON Academy
77770,2026-05-11 00:00:00+00:00,0,0.2539315908147,0.29190186035497695,Ei Nerd Esports,Estral Esports
77872,2026-05-11 00:00:00+00:00,1,0.49011471232795095,0.5293087579581385,Ozarox Esports,SU Esports
77875,2026-05-11 00:00:00+00:00,1,0.7904438027820544,0.8082783355739593,BoostGate Esports,Team Phoenix
77902,2026-05-11 00:00:00+00:00,1,0.7142605488952273,0.7390750646882955,G2 NORD,Eintracht Frankfurt
77905,2026-05-11 00:00:00+00:00,0,0.20831863695498712,0.24325632000761332,Kaufland Hangry Knights,TeamOrangeGaming
77954,2026-05-11 00:00:00+00:00,0,0.6742365454745178,0.7023915818882928,Nongshim Esports Academy,KRX Challengers
77957,2026-05-11 00:00:00+00:00,0,0.07866994763173799,0.09772250393032945,Gen.G Global Academy,T1 Esports Academy
77960,2026-05-11 00:00:00+00:00,1,0.7378911289669073,0.7606171425894278,DN SOOPers Challengers,BNK FEARX Youth
77439,2026-05-12 00:00:00+00:00,0,0.14885420732631707,0.17802414213264708,The New Kings,Malvinas Gaming
77775,2026-05-12 00:00:00+00:00,1,0.37398522891996516,0.4152366887430669,paiN Gaming Academy,7REX
77878,2026-05-12 00:00:00+00:00,1,0.8769131035098704,0.8863048080757431,Misa Esports,Bushido Wildcats
77881,2026-05-12 00:00:00+00:00,1,0.7221399431662942,0.7462669103429059,PCIFIC Esports,Dark Passage
77890,2026-05-12 00:00:00+00:00,1,0.9222609837124949,0.9273355549154823,Frites Esports Club,mCon esports
77893,2026-05-12 00:00:00+00:00,0,0.6060827568860164,0.6392433505422843,Senshi eSports,Dynasty
77908,2026-05-12 00:00:00+00:00,1,0.8804200598926465,0.8894699124759449,E WIE EINFACH E-SPORTS,VfB eSports
77911,2026-05-12 00:00:00+00:00,0,0.058389121633867995,0.07364425284224296,ROSSMANN Centaurs,Unicorns of Love Sexy Edition
77926,2026-05-12 00:00:00+00:00,1,0.34080059383906364,0.3817560498525747,BAAM Esports,Dragons Esports
77929,2026-05-12 00:00:00+00:00,1,0.5033338517378327,0.5420220070055053,Anubis Gaming,FN Esports
77963,2026-05-12 00:00:00+00:00,1,0.654655675472818,0.6843431920876037,KT Rolster Challengers,Hanwha Life Esports Challengers
77966,2026-05-12 00:00:00+00:00,1,0.730706262533057,0.7540755697206093,Dplus KIA Challengers,HANJIN BRION Challengers
78084,2026-05-12 00:00:00+00:00,0,0.5224272126592958,0.5602967322597427,Top Esports,Ninjas in Pyjamas
78087,2026-05-12 00:00:00+00:00,1,0.7827605417908968,0.8013279011103636,Bilibili Gaming,Invictus Gaming
78458,2026-05-12 00:00:00+00:00,0,0.07394551259543891,0.09215525924040698,DetonatioN FocusMe,Deep Cross Gaming
78461,2026-05-12 00:00:00+00:00,0,0.281355355893303,0.3206390203781709,Ground Zero Gaming,MVK Esports
78481,2026-05-12 00:00:00+00:00,0,0.3110030573863914,0.35131250713430046,BNK FearX,T1
78484,2026-05-12 00:00:00+00:00,0,0.6465095856794394,0.6768132213340615,Hanwha Life Esports,Dplus KIA
77944,2026-05-13 00:00:00+00:00,1,0.5138212855142279,0.5520724280536313,WLGaming Esports,Team Phantasma
77984,2026-05-13 00:00:00+00:00,0,0.21440318070943193,0.24981049120037085,Falke Esports,Barca eSports
78042,2026-05-13 00:00:00+00:00,1,0.7973463516183046,0.8145183652422371,T1,Nongshim RedForce
78045,2026-05-13 00:00:00+00:00,0,0.22919090313334198,0.2656540664848006,DN SOOPers,Dplus KIA
78090,2026-05-13 00:00:00+00:00,0,0.3289516493405305,0.36969476465120776,Oh My God,EDward Gaming
78093,2026-05-13 00:00:00+00:00,0,0.16974472480610783,0.2011971388840836,Team WE,Anyone s Legend
78147,2026-05-13 00:00:00+00:00,0,0.44188982388916215,0.4824814561097745,Ici Japon Corp. Esport,Esprit Shonen
78150,2026-05-13 00:00:00+00:00,0,0.3233584091404485,0.3639810486593461,ZYB Esport,Vitality.Bee
78169,2026-05-13 00:00:00+00:00,0,0.4549531983096374,0.49523812257226635,Dragons Esports,FN Esports
78179,2026-05-13 00:00:00+00:00,1,0.9060782651125839,0.9126606165807529,Movistar KOI Fenix,GIANTX iTero
78556,2026-05-13 00:00:00+00:00,1,0.7080973809715011,0.7334431898154401,Deep Cross Gaming,CTBC Flying Oyster
78559,2026-05-13 00:00:00+00:00,1,0.5645284044275298,0.6002455071891898,GAM Esports,MVK Esports
78614,2026-05-13 00:00:00+00:00,1,0.07781096475529801,0.09671206170669067,Saigon Dino,MVK Esports Academy
77860,2026-05-14 00:00:00+00:00,1,0.27705710707010706,0.3161587193630854,Uwinks,L Guide Gaming
77896,2026-05-14 00:00:00+00:00,0,0.20287268697129007,0.2373721677636828,Myth Esports,The Bandits
77899,2026-05-14 00:00:00+00:00,1,0.630142951556819,0.661644478585093,Once Upon A Team,ZennIT
77914,2026-05-14 00:00:00+00:00,0,0.8343289268355232,0.8479007837023925,Maryville University,Supernova
77917,2026-05-14 00:00:00+00:00,1,0.6682595485494464,0.6968898886229683,Conviction,Dorado Gaming
77938,2026-05-14 00:00:00+00:00,0,0.046858070335340264,0.05972416413377524,Lenovo Legion Honved,Partizan Sangal
77941,2026-05-14 00:00:00+00:00,0,0.47417151959061365,0.5139070496285114,The Secret Club,Magaza Esports
77949,2026-05-14 00:00:00+00:00,1,0.5033188468307633,0.5420076049691346,GOAL,Team Insidious
77969,2026-05-14 00:00:00+00:00,1,0.7321657025765513,0.7554049055235464,KT Rolster Challengers,HANJIN BRION Challengers
77972,2026-05-14 00:00:00+00:00,1,0.7458120666589736,0.7678210018790412,Dplus KIA Challengers,BNK FEARX Youth
77975,2026-05-14 00:00:00+00:00,0,0.3286568333116919,0.3693939254833711,DN SOOPers Challengers,T1 Esports Academy
78001,2026-05-14 00:00:00+00:00,0,0.4700797368329145,0.5099418385513637,EKO Esports,GMBLERS Esports
78048,2026-05-14 00:00:00+00:00,0,0.27965970969122494,0.31887258923013584,BNK FearX,Gen.G
78051,2026-05-14 00:00:00+00:00,0,0.40289274190667207,0.4440620267646836,Kiwoom DRX,KT Rolster
78096,2026-05-14 00:00:00+00:00,1,0.547283716659586,0.5839382966703263,LNG Esports,LGD Gaming
78099,2026-05-14 00:00:00+00:00,1,0.36463756494513777,0.40584902419521607,Weibo Gaming,JD Gaming
78181,2026-05-14 00:00:00+00:00,1,0.7626084751588749,0.7830713739474968,UCAM Esports,LUA Gaming
78184,2026-05-14 00:00:00+00:00,0,0.057912697803091315,0.07307268641921005,UB Alma Mater,Team Heretics Academy
78415,2026-05-14 00:00:00+00:00,0,0.31284242350091024,0.35320265413289126,Shifters,Galions
78418,2026-05-14 00:00:00+00:00,1,0.31097095011310727,0.3512795004160709,GIANTX,Solary
78421,2026-05-14 00:00:00+00:00,1,0.618364017261985,0.6506933435723322,G2 Esports,Natus Vincere
78424,2026-05-14 00:00:00+00:00,1,0.5526658984730933,0.589036006308764,Karmine Corp,Movistar KOI
78561,2026-05-14 00:00:00+00:00,0,0.47404919830497777,0.5137885864108379,Deep Cross Gaming,GAM Esports
78564,2026-05-14 00:00:00+00:00,0,0.2344790021601892,0.27129106683821247,Fukuoka SoftBank HAWKS gaming,Team Secret Whales
78617,2026-05-14 00:00:00+00:00,1,0.161078327142896,0.19161951068939123,SN CyberCore Esports,9Gaming Esports
77866,2026-05-15 00:00:00+00:00,1,0.8236841055424289,0.838298947701981,Rising Gaming,DetonatioN FocusMe Academy
77869,2026-05-15 00:00:00+00:00,1,0.4727226600223458,0.5125035942423595,New Meta,RAYN Clocks
77884,2026-05-15 00:00:00+00:00,0,0.9140694494161447,0.9199010245898027,Ozarox Esports,Team Phoenix
77887,2026-05-15 00:00:00+00:00,0,0.47042029261222185,0.51027205583154,BoostGate Esports,SU Esports
77920,2026-05-15 00:00:00+00:00,0,0.41863414526574305,0.4596327653200733,Citadel Gaming,Winthrop University
77923,2026-05-15 00:00:00+00:00,0,0.35337567860442576,0.394494174508038,Dorado Gaming,CCG Esports
77978,2026-05-15 00:00:00+00:00,0,0.18320722067760323,0.2159791454303455,Gen.G Global Academy,KRX Challengers
77981,2026-05-15 00:00:00+00:00,1,0.7509718175425936,0.7725093891547393,Nongshim Esports Academy,Hanwha Life Esports Challengers
78054,2026-05-15 00:00:00+00:00,1,0.5784566156238823,0.6133624517525429,Hanwha Life Esports,Dplus KIA
78057,2026-05-15 00:00:00+00:00,1,0.700642719570958,0.7266232578424624,HANJIN BRION,DN SOOPers
78102,2026-05-15 00:00:00+00:00,1,0.36407206150802685,0.4052800278758456,Ultra Prime,Oh My God
78105,2026-05-15 00:00:00+00:00,0,0.3186665684546552,0.3591779672406318,Top Esports,Bilibili Gaming
78200,2026-05-15 00:00:00+00:00,0,0.5634635167331139,0.5992406827621102,Colossal Gaming,GMBLERS Esports
78427,2026-05-15 00:00:00+00:00,1,0.5073938847870915,0.545916553697229,Natus Vincere,Galions
78430,2026-05-15 00:00:00+00:00,1,0.5703427854610159,0.6057269879134606,Movistar KOI,GIANTX
78622,2026-05-15 00:00:00+00:00,0,0.3007784385336455,0.3407786404686935,SN CyberCore Esports,Saigon Warriors
78625,2026-05-15 00:00:00+00:00,0,0.19143447538732822,0.22495731756992832,9Gaming Esports,MVK Esports Academy
77836,2026-05-16 00:00:00+00:00,1,0.8111891158366968,0.827022159979853,CITA Kaizen,Bohemian Guardians
77839,2026-05-16 00:00:00+00:00,1,0.349049180224012,0.39011871499909684,EXILE esports,BRUTE
77842,2026-05-16 00:00:00+00:00,1,0.5825698823166158,0.6172271586392986,Meavedron,Onion Team
77845,2026-05-16 00:00:00+00:00,1,0.661234444074273,0.6904150555679379,Nightbirds,eSuba
78060,2026-05-16 00:00:00+00:00,0,0.5022177409778452,0.5409505635316632,Gen.G,T1
78063,2026-05-16 00:00:00+00:00,1,0.6308183129331759,0.6622714924737121,BNK FearX,Nongshim RedForce
78072,2026-05-16 00:00:00+00:00,0,0.22119795099840914,0.25710526912625165,Ground Zero Gaming,Deep Cross Gaming
78075,2026-05-16 00:00:00+00:00,1,0.45447179896321127,0.4947689976609197,MVK Esports,Fukuoka SoftBank HAWKS gaming
78108,2026-05-16 00:00:00+00:00,1,0.19414913434769138,0.2279107701205353,ThunderTalk Gaming,EDward Gaming
78111,2026-05-16 00:00:00+00:00,0,0.21289478136902237,0.24818761169875536,Team WE,Ninjas in Pyjamas
78125,2026-05-16 00:00:00+00:00,1,0.6091709338054171,0.6421256219671384,RED Canids,Fluxo W7M
78135,2026-05-16 00:00:00+00:00,0,0.5330166260382178,0.5703887260055391,Team Liquid,Cloud9
78138,2026-05-16 00:00:00+00:00,1,0.45816247430222296,0.49836369157057897,Shopify Rebellion,Disguised
78433,2026-05-16 00:00:00+00:00,1,0.5096184728893365,0.5480484817458754,Movistar KOI,Natus Vincere
78436,2026-05-16 00:00:00+00:00,1,0.5594855332298091,0.5954845664695929,G2 Esports,Karmine Corp
77848,2026-05-17 00:00:00+00:00,1,0.7415905001534098,0.7639826166975215,CITA Kaizen,Onion Team
77851,2026-05-17 00:00:00+00:00,0,0.034360469450153794,0.044409122028914894,Bohemian Guardians,Nightbirds
77854,2026-05-17 00:00:00+00:00,0,0.24731077047227062,0.2849085827674044,BRUTE,eSuba
77857,2026-05-17 00:00:00+00:00,1,0.4882788922536988,0.5275391545301837,Meavedron,EXILE esports
78066,2026-05-17 00:00:00+00:00,0,0.6501607015708407,0.6801897898974768,Hanwha Life Esports,KT Rolster
78069,2026-05-17 00:00:00+00:00,1,0.41159025799097354,0.4526759319205829,Kiwoom DRX,HANJIN BRION
78078,2026-05-17 00:00:00+00:00,0,0.0317385219585482,0.04116104616281853,DetonatioN FocusMe,Team Secret Whales
78081,2026-05-17 00:00:00+00:00,1,0.7998952582482546,0.816821704921946,GAM Esports,CTBC Flying Oyster
78114,2026-05-17 00:00:00+00:00,1,0.6878653493880263,0.7149128823080678,JD Gaming,Invictus Gaming
78117,2026-05-17 00:00:00+00:00,1,0.6309471726699837,0.6623911166929266,Bilibili Gaming,Anyone s Legend
78130,2026-05-17 00:00:00+00:00,1,0.5933376594650843,0.6273253380596374,FURIA,LOUD
78141,2026-05-17 00:00:00+00:00,1,0.8205015327938913,0.8354273773969728,Sentinels,Dignitas
78144,2026-05-17 00:00:00+00:00,1,0.26159127029884166,0.2999651104484981,FlyQuest,LYON
78441,2026-05-17 00:00:00+00:00,0,0.46527275572306315,0.5052769666737783,Movistar KOI,Karmine Corp
78159,2026-05-18 00:00:00+00:00,1,0.7780924247577544,0.7971024486801508,Estral Esports,RED Academy
78252,2026-05-18 00:00:00+00:00,0,0.34454187001261477,0.3855524608493808,Dplus KIA Challengers,T1 Esports Academy
78255,2026-05-18 00:00:00+00:00,0,0.6133055271373997,0.6459812416628172,DN SOOPers Challengers,KRX Challengers
78258,2026-05-18 00:00:00+00:00,0,0.2515313813181534,0.2893691793934994,Gen.G Global Academy,Hanwha Life Esports Challengers
78476,2026-05-18 00:00:00+00:00,0,0.53518625174646,0.5724527068603719,KT Rolster,HANJIN BRION
78479,2026-05-18 00:00:00+00:00,0,0.43576388324702364,0.47648022888976505,DN SOOPers,Nongshim RedForce
78498,2026-05-18 00:00:00+00:00,0,0.19991692793263283,0.23417140563801608,Zeu5 Esports,SDM Tigres
78014,2026-05-19 00:00:00+00:00,1,0.5692664985149952,0.6047129514132341,Barczaca Esports,Forsaken
78017,2026-05-19 00:00:00+00:00,1,0.6630148889241314,0.6920569078005452,DOCISK,devils.one
78164,2026-05-19 00:00:00+00:00,1,0.539445596530799,0.5765010106991115,paiN Gaming Academy,INTZ
78174,2026-05-19 00:00:00+00:00,0,0.2659037369627358,0.3044920996469532,BAAM Esports,Anubis Gaming
78261,2026-05-19 00:00:00+00:00,1,0.5288654946590302,0.5664362058934994,BNK FEARX Youth,HANJIN BRION Challengers
78264,2026-05-19 00:00:00+00:00,0,0.3840296471449024,0.4252873386475642,KT Rolster Challengers,Nongshim Esports Academy
78328,2026-05-19 00:00:00+00:00,1,0.5475953197864057,0.5842336338837828,SU Esports,BoostGate Esports
78487,2026-05-19 00:00:00+00:00,0,0.3110740110819955,0.3513854469203096,HANJIN BRION,Hanwha Life Esports
78490,2026-05-19 00:00:00+00:00,0,0.6560585204761779,0.6856386371999003,BNK FearX,Nongshim RedForce
78521,2026-05-19 00:00:00+00:00,1,0.8696439327372193,0.8797464009028798,Frites Esports Club,Dynasty
78524,2026-05-19 00:00:00+00:00,1,0.6484286301320404,0.6785882886803151,The Bandits,Senshi eSports
78567,2026-05-19 00:00:00+00:00,0,0.3284121630333658,0.3691442290201803,Fukuoka SoftBank HAWKS gaming,GAM Esports
78574,2026-05-19 00:00:00+00:00,1,0.28975144174285256,0.3293659528010488,9z Globant,Malvinas Gaming
78020,2026-05-20 00:00:00+00:00,0,0.15316232452571057,0.18282725454755494,GLORE,LODIS
78023,2026-05-20 00:00:00+00:00,0,0.37750729747722145,0.4187652367135742,Anonymo Esports,BOMBA Team
78205,2026-05-20 00:00:00+00:00,1,0.5937030675782711,0.627667549285707,LUA Gaming,UB Alma Mater
78208,2026-05-20 00:00:00+00:00,0,0.24396257373634744,0.2813635614712339,Barca eSports,Team Heretics Academy
78222,2026-05-20 00:00:00+00:00,1,0.7450250414980628,0.7671055843281478,T1,Kiwoom DRX
78225,2026-05-20 00:00:00+00:00,0,0.3286333759681282,0.36936998734553833,Nongshim RedForce,KT Rolster
78302,2026-05-20 00:00:00+00:00,0,0.5104134963065183,0.548810051042041,TLN Pirates,Karmine Corp Blue
78305,2026-05-20 00:00:00+00:00,1,0.5566666431725571,0.5928204892040259,Solary,Galions
78333,2026-05-20 00:00:00+00:00,0,0.3908325610763034,0.4320732512536155,Bushido Wildcats,PCIFIC Esports
78343,2026-05-20 00:00:00+00:00,1,0.4195261543693945,0.46051253001631065,E WIE EINFACH E-SPORTS,TeamOrangeGaming
78353,2026-05-20 00:00:00+00:00,1,0.3786598048353475,0.4199188533176366,CCG Esports,Winthrop University
78356,2026-05-20 00:00:00+00:00,0,0.8637605004575468,0.8744398716796561,Maryville University,Conviction
78569,2026-05-20 00:00:00+00:00,1,0.6467931085113748,0.6770755184395363,Team Secret Whales,GAM Esports
78585,2026-05-20 00:00:00+00:00,0,0.29551974524321,0.3353428507598538,BAAM Esports,FN Esports
78595,2026-05-20 00:00:00+00:00,1,0.4669384728237112,0.5068942497747523,Vivo Keyd Stars Academy,KaBuM! Ilha das Lendas
78631,2026-05-20 00:00:00+00:00,1,0.6869140401496729,0.7140399228185079,Saigon Warriors,9Gaming Esports
78026,2026-05-21 00:00:00+00:00,1,0.7406939096526711,0.7631671140058688,Forsaken,DOCISK
78029,2026-05-21 00:00:00+00:00,1,0.881875991833131,0.8907841613158454,Barczaca Esports,devils.one
78192,2026-05-21 00:00:00+00:00,0,0.15025476692905756,0.17958704485894106,Magaza Esports,Partizan Sangal
78211,2026-05-21 00:00:00+00:00,0,0.40366139512909693,0.44482436505735706,Falke Esports,GIANTX iTero
78214,2026-05-21 00:00:00+00:00,0,0.1691932948710633,0.2005891956095889,UCAM Esports,Movistar KOI Fenix
78228,2026-05-21 00:00:00+00:00,0,0.23612009607580473,0.2730374297130355,BNK FearX,Hanwha Life Esports
78231,2026-05-21 00:00:00+00:00,1,0.5878596098832132,0.6221913353933638,Dplus KIA,HANJIN BRION
78267,2026-05-21 00:00:00+00:00,1,0.5074672818458701,0.5459869159341331,Dplus KIA Challengers,KRX Challengers
78270,2026-05-21 00:00:00+00:00,1,0.6191051042455311,0.6513832186793497,DN SOOPers Challengers,Hanwha Life Esports Challengers
78273,2026-05-21 00:00:00+00:00,0,0.09971599742181488,0.12224868878073225,Gen.G Global Academy,Nongshim Esports Academy
78308,2026-05-21 00:00:00+00:00,0,0.11753420243384577,0.14269670425070677,Uwinks,FENNEL
78311,2026-05-21 00:00:00+00:00,0,0.25554788740485984,0.2936057385642702,New Meta,Rising Gaming
78321,2026-05-21 00:00:00+00:00,1,0.7957930798659658,0.8131145024835078,Crusaders,ZeroZone Gaming
78338,2026-05-21 00:00:00+00:00,1,0.8912556546666508,0.8992550782204575,Misa Esports,Ozarox Esports
78348,2026-05-21 00:00:00+00:00,1,0.4755439827616256,0.5152359120494524,G2 NORD,Unicorns of Love Sexy Edition
78605,2026-05-21 00:00:00+00:00,0,0.5784854338589692,0.6133895426079828,Dynasty,Once Upon A Team
78608,2026-05-21 00:00:00+00:00,1,0.35462469164528215,0.3957559442320054,mCon esports,Senshi eSports
78634,2026-05-21 00:00:00+00:00,1,0.5761513717535008,0.6111947385979957,Saigon Dino,SN CyberCore Esports
78646,2026-05-21 00:00:00+00:00,1,0.5898488857942116,0.6240564829337742,Anubis Gaming,FN Esports
78651,2026-05-21 00:00:00+00:00,1,0.7383019502227802,0.7609909723908251,Galions,Esprit Shonen
78654,2026-05-21 00:00:00+00:00,1,0.6461382433396025,0.6764696552413075,TLN Pirates,Vitality.Bee
78657,2026-05-21 00:00:00+00:00,1,0.1592444427335631,0.18958640954533074,Winthrop University,Maryville University
78668,2026-05-21 00:00:00+00:00,0,0.3016364739486029,0.34166440009483323,Lenovo Legion Honved,The Secret Club
78234,2026-05-22 00:00:00+00:00,0,0.3114007696483251,0.3517213236861986,DN SOOPers,Kiwoom DRX
78237,2026-05-22 00:00:00+00:00,0,0.3558911503967137,0.39703471067237867,KT Rolster,Gen.G
78276,2026-05-22 00:00:00+00:00,0,0.30962574521213954,0.349896208416191,BNK FEARX Youth,KT Rolster Challengers
78279,2026-05-22 00:00:00+00:00,0,0.08721290803082128,0.10773032186410553,HANJIN BRION Challengers,T1 Esports Academy
78314,2026-05-22 00:00:00+00:00,0,0.3360680798454714,0.3769456472995272,DetonatioN FocusMe Academy,RAYN Clocks
78317,2026-05-22 00:00:00+00:00,0,0.44339812057373185,0.48395715892001484,L Guide Gaming,Arneb
78325,2026-05-22 00:00:00+00:00,1,0.2999800969184453,0.3399542092379502,Francesinhas,Crusaders
78640,2026-05-22 00:00:00+00:00,1,0.6850096748271214,0.7122919366499743,Saigon Warriors,Saigon Dino
78643,2026-05-22 00:00:00+00:00,0,0.8935428694083655,0.9013219275696505,MVK Esports Academy,SN CyberCore Esports
78662,2026-05-22 00:00:00+00:00,0,0.7238994005316459,0.7478715997000688,NRG,CCG Esports
78665,2026-05-22 00:00:00+00:00,0,0.5669837160745234,0.6025612584672705,Supernova,Conviction
78756,2026-05-22 00:00:00+00:00,0,0.3842297851784992,0.4254872194118552,SU Esports,PCIFIC Esports
78120,2026-05-23 00:00:00+00:00,1,0.5749011211501628,0.6100185419089097,Los Grandes,Vivo Keyd Stars
78195,2026-05-23 00:00:00+00:00,1,0.5722175055071458,0.6074926006328439,WLGaming Esports,GOAL
78240,2026-05-23 00:00:00+00:00,1,0.6529031266443784,0.6827242841962362,Dplus KIA,BNK FearX
78243,2026-05-23 00:00:00+00:00,1,0.8584960933030684,0.869692504682959,Hanwha Life Esports,Nongshim RedForce
78282,2026-05-23 00:00:00+00:00,1,0.6891296799205664,0.7160728449086287,MVK Esports,CTBC Flying Oyster
78292,2026-05-23 00:00:00+00:00,0,0.4361373522408038,0.47684644869781734,Karmine Corp,G2 Esports
78359,2026-05-23 00:00:00+00:00,1,0.16581549608467347,0.1968608979791525,Team WE,LNG Esports
78364,2026-05-23 00:00:00+00:00,1,0.34652767536282164,0.3875652385098257,ThunderTalk Gaming,Invictus Gaming
78511,2026-05-23 00:00:00+00:00,1,0.8976979337677359,0.9050781240052873,Nightbirds,Meavedron
78676,2026-05-23 00:00:00+00:00,1,0.6728203114502349,0.7010885540534119,Cloud9,FlyQuest
78246,2026-05-24 00:00:00+00:00,0,0.12366752663556152,0.14967400609872453,DN SOOPers,Gen.G
78249,2026-05-24 00:00:00+00:00,0,0.32458043886960125,0.36523052224069374,HANJIN BRION,T1
78287,2026-05-24 00:00:00+00:00,0,0.4532350336183128,0.49356342838061046,Fukuoka SoftBank HAWKS gaming,Deep Cross Gaming
78297,2026-05-24 00:00:00+00:00,1,0.41098100445939545,0.45207339940482805,Movistar KOI,Team Vitality
78369,2026-05-24 00:00:00+00:00,1,0.49493161512215816,0.5339472065563939,EDward Gaming,Ninjas in Pyjamas
78374,2026-05-24 00:00:00+00:00,0,0.43201155081084874,0.47279816205194686,Weibo Gaming,LGD Gaming
78516,2026-05-24 00:00:00+00:00,1,0.2874548571751445,0.3269820994662022,CITA Kaizen,eSuba
78681,2026-05-24 00:00:00+00:00,1,0.48501291504250266,0.5243885108410536,LYON,Team Liquid
78817,2026-05-24 00:00:00+00:00,0,0.431195563465811,0.47199683409398935,RED Canids,FURIA
78501,2026-05-25 00:00:00+00:00,1,0.8134267531425308,0.8290422294563031,Fuego,G3V E-sports
78577,2026-05-25 00:00:00+00:00,0,0.1453264852545277,0.17408137671426108,Nongshim RedForce,Hanwha Life Esports
78580,2026-05-25 00:00:00+00:00,0,0.45197354718616495,0.4923332588689051,Dplus KIA,T1
78706,2026-05-25 00:00:00+00:00,0,0.31852457416204155,0.35903246038885717,Hanwha Life Esports Challengers,Dplus KIA Challengers
78709,2026-05-25 00:00:00+00:00,1,0.881941253253296,0.8908430753629193,T1 Esports Academy,BNK FEARX Youth
78712,2026-05-25 00:00:00+00:00,0,0.18984287580199166,0.22322365730917054,HANJIN BRION Challengers,KRX Challengers
78822,2026-05-25 00:00:00+00:00,0,0.5444231096848743,0.5812258379782672,LOUD,Los Grandes
78837,2026-05-25 00:00:00+00:00,0,0.37551250250443996,0.41676734498833085,Movistar KOI,G2 Esports
78932,2026-05-25 00:00:00+00:00,0,0.5796651098332805,0.6144983373474564,Bulldog Esports,Arctic Pandas
78938,2026-05-25 00:00:00+00:00,0,0.30909295597361525,0.3493481163003376,DMG Esports,Arctic Pandas
78940,2026-05-25 00:00:00+00:00,1,0.5940939158123594,0.6280335515577754,Verdant,Bulldog Esports
78942,2026-05-25 00:00:00+00:00,0,0.18143157413692032,0.2140359860527492,DMG Esports,Verdant
78590,2026-05-26 00:00:00+00:00,1,0.09778925320963212,0.12002090506787838,paiN Gaming Academy,Estral Esports
78600,2026-05-26 00:00:00+00:00,1,0.7044526224182742,0.7301098622367292,Golden Lions,Volticons
78696,2026-05-26 00:00:00+00:00,1,0.6112828401010013,0.644095500943184,Eintracht Spandau,E WIE EINFACH E-SPORTS
78715,2026-05-26 00:00:00+00:00,1,0.8210696298440858,0.8359399923559206,KT Rolster Challengers,Gen.G Global Academy
78718,2026-05-26 00:00:00+00:00,1,0.4184664319915455,0.45946732371946575,DN SOOPers Challengers,Nongshim Esports Academy
78802,2026-05-26 00:00:00+00:00,1,0.6906277667048695,0.717446918188668,PCIFIC Esports,Ozarox Esports
78902,2026-05-26 00:00:00+00:00,0,0.36071809560675266,0.40190280556671515,Dplus KIA,Hanwha Life Esports
78910,2026-05-26 00:00:00+00:00,1,0.5741021656440246,0.6092667114155765,Meavedron,EXILE esports
78970,2026-05-26 00:00:00+00:00,1,0.7044117359921751,0.7300724575686807,BOMBA Team,Anonymo Esports
78978,2026-05-26 00:00:00+00:00,1,0.7187443688107606,0.7431687534154622,Frites Esports Club,The Bandits
78671,2026-05-27 00:00:00+00:00,0,0.4993638897540867,0.5382092968382791,The Secret Club,Magaza Esports
78701,2026-05-27 00:00:00+00:00,0,0.6507712030697494,0.6807541296966593,Berlin International Gaming,G2 NORD
78761,2026-05-27 00:00:00+00:00,1,0.6981049963696286,0.7242995872036508,New Meta,DetonatioN FocusMe Academy
78764,2026-05-27 00:00:00+00:00,0,0.26220019501649355,0.30060487636800876,Uwinks,Arneb
78776,2026-05-27 00:00:00+00:00,0,0.38482275544473965,0.4260793406236904,9Gaming Esports,Saigon Dino
78792,2026-05-27 00:00:00+00:00,0,0.5252203626543905,0.5629616356697641,Supernova,Winthrop University
78872,2026-05-27 00:00:00+00:00,1,0.3903366769359189,0.4315791787734594,Gen.G,Hanwha Life Esports
78875,2026-05-27 00:00:00+00:00,1,0.5202146556383037,0.558184245544825,BNK FearX,Kiwoom DRX
78946,2026-05-27 00:00:00+00:00,0,0.25483114684850566,0.29285032113609266,LEO,Bulldog Esports
78947,2026-05-27 00:00:00+00:00,1,0.1330439131016379,0.16028348989327768,Ruddy Corporation,Arctic Pandas
78948,2026-05-27 00:00:00+00:00,0,0.14687885810553433,0.17581747636725295,Lundqvist Lightside,Verdant
78949,2026-05-27 00:00:00+00:00,1,0.5112345705058754,0.5495963879274642,Deer Gaming,DMG Esports
78950,2026-05-27 00:00:00+00:00,0,0.908009448263917,0.9144093840116037,Verdant,Ruddy Corporation
78951,2026-05-27 00:00:00+00:00,0,0.264770682131593,0.30330355857629965,DMG Esports,Bulldog Esports
78952,2026-05-27 00:00:00+00:00,0,0.44384701804356225,0.48439621263490074,Lundqvist Lightside,LEO
78953,2026-05-27 00:00:00+00:00,1,0.2646701816543819,0.3031981064317385,Deer Gaming,Arctic Pandas
78954,2026-05-27 00:00:00+00:00,1,0.13837558746760967,0.16628655246715235,Ruddy Corporation,Bulldog Esports
78955,2026-05-27 00:00:00+00:00,0,0.39765241236768073,0.43885914402521986,Arctic Pandas,Verdant
78956,2026-05-27 00:00:00+00:00,1,0.524140651198239,0.5619317517203707,Deer Gaming,LEO
78957,2026-05-27 00:00:00+00:00,1,0.5688733111988815,0.6043424344248076,DMG Esports,Lundqvist Lightside
78973,2026-05-27 00:00:00+00:00,0,0.5935218276116165,0.6274978186696978,Barczaca Esports,Forsaken
78986,2026-05-27 00:00:00+00:00,0,0.4971009214152565,0.5360339312359034,paiN Gaming Academy,KaBuM! Ilha das Lendas
78991,2026-05-27 00:00:00+00:00,1,0.6134278383422878,0.6460952430533631,Solary,Karmine Corp Blue
79027,2026-05-27 00:00:00+00:00,1,0.7071135634799006,0.7325436405600672,Bulldog Esports,DMG Esports
78721,2026-05-28 00:00:00+00:00,0,0.28156945213062834,0.32086195863566364,KT Rolster Challengers,T1 Esports Academy
78724,2026-05-28 00:00:00+00:00,0,0.24948726078451613,0.287209955100257,BNK FEARX Youth,KRX Challengers
78727,2026-05-28 00:00:00+00:00,1,0.6715772723604297,0.6999445791256931,Hanwha Life Esports Challengers,HANJIN BRION Challengers
78767,2026-05-28 00:00:00+00:00,0,0.0785280110551398,0.09755559430949531,L Guide Gaming,FENNEL
78770,2026-05-28 00:00:00+00:00,1,0.7414374358281077,0.7638434028875541,Rising Gaming,RAYN Clocks
78779,2026-05-28 00:00:00+00:00,1,0.4867950897858521,0.5261081431148663,Saigon Warriors,MVK Esports Academy
78782,2026-05-28 00:00:00+00:00,1,0.6101507629872693,0.6430396791474509,Otter Side,Crusaders
78878,2026-05-28 00:00:00+00:00,0,0.4157880980087947,0.45682395664424963,DN SOOPers,Nongshim RedForce
78881,2026-05-28 00:00:00+00:00,0,0.30479006892741717,0.3449170878642893,KT Rolster,T1
78981,2026-05-28 00:00:00+00:00,0,0.5144850724784773,0.5527075121200233,Once Upon A Team,mCon esports
78996,2026-05-28 00:00:00+00:00,0,0.4027022348042164,0.4438730523760161,TLN Pirates,Galions
79022,2026-05-28 00:00:00+00:00,0,0.19755575088226468,0.2316108438255399,Magaza Esports,Partizan Sangal
79028,2026-05-28 00:00:00+00:00,0,0.5680251570118516,0.6035430535247281,Berlin International Gaming,E WIE EINFACH E-SPORTS
79055,2026-05-28 00:00:00+00:00,0,0.654319617279665,0.6840328059421752,NRG,Winthrop University
78217,2026-05-29 00:00:00+00:00,1,0.8146644291648084,0.8301594456390766,HMBLE,GMBLERS Esports
78730,2026-05-29 00:00:00+00:00,0,0.5163852356415065,0.5545248303657144,Nongshim Esports Academy,Dplus KIA Challengers
78733,2026-05-29 00:00:00+00:00,1,0.8931439424251254,0.9009613967055076,DN SOOPers Challengers,Gen.G Global Academy
78807,2026-05-29 00:00:00+00:00,1,0.7181174265068881,0.7425965400864278,Team Secret Whales,MVK Esports
78852,2026-05-29 00:00:00+00:00,1,0.7542312478332843,0.7754693924277231,JD Gaming,ThunderTalk Gaming
78857,2026-05-29 00:00:00+00:00,1,0.4959075941811235,0.5348862012809416,Top Esports,LGD Gaming
78884,2026-05-29 00:00:00+00:00,1,0.7239332139568025,0.7479024344227804,Dplus KIA,Kiwoom DRX
78887,2026-05-29 00:00:00+00:00,1,0.7167879137118631,0.7413828948889828,Gen.G,HANJIN BRION
78915,2026-05-29 00:00:00+00:00,1,0.9292425359883366,0.9336841762190011,eSuba,Bohemian Guardians
79060,2026-05-29 00:00:00+00:00,0,0.43019547714165907,0.4710144109406697,CCG Esports,Conviction
79065,2026-05-29 00:00:00+00:00,0,0.34586128859816423,0.3868899770679196,Karmine Corp Blue,Galions
79075,2026-05-29 00:00:00+00:00,1,0.6588129765031878,0.6881811220159463,Deer Gaming,Ruddy Corporation
79078,2026-05-29 00:00:00+00:00,0,0.4917256375160882,0.5308607599256707,Bulldog Esports,Arctic Pandas
78812,2026-05-30 00:00:00+00:00,0,0.5354859163892868,0.5727376813143933,GAM Esports,Deep Cross Gaming
78827,2026-05-30 00:00:00+00:00,0,0.5139186758363604,0.5521656148184328,Natus Vincere,Karmine Corp
78842,2026-05-30 00:00:00+00:00,1,0.307806125065113,0.34802381361496504,FlyQuest,Sentinels
78862,2026-05-30 00:00:00+00:00,1,0.5575593293592361,0.5936643663580506,Anyone s Legend,EDward Gaming
78867,2026-05-30 00:00:00+00:00,0,0.891046230522162,0.8990658579628552,Bilibili Gaming,Team WE
78890,2026-05-30 00:00:00+00:00,1,0.7745434780680138,0.7938886547001112,KT Rolster,DN SOOPers
78893,2026-05-30 00:00:00+00:00,0,0.23136028071142684,0.2679683742840184,BNK FearX,T1
78905,2026-05-30 00:00:00+00:00,0,0.48536227108459945,0.5247256812841128,Fluxo W7M,Los Grandes
78920,2026-05-30 00:00:00+00:00,0,0.8326348021057088,0.846372890655219,Nightbirds,CITA Kaizen
79033,2026-05-30 00:00:00+00:00,0,0.6647465716265537,0.6936532256637115,Eintracht Spandau,G2 NORD
79038,2026-05-30 00:00:00+00:00,0,0.4409978840789086,0.4816084412173684,Barczaca Esports,BOMBA Team
78832,2026-05-31 00:00:00+00:00,0,0.6481355489395928,0.6783172429130879,Team Vitality,GIANTX
78847,2026-05-31 00:00:00+00:00,1,0.774574361489353,0.7939166268827936,Team Liquid,Shopify Rebellion
78896,2026-05-31 00:00:00+00:00,1,0.7724548119592938,0.7919966572368901,Hanwha Life Esports,HANJIN BRION
78899,2026-05-31 00:00:00+00:00,0,0.19097800153141395,0.22446025644782763,Nongshim RedForce,Dplus KIA
79102,2026-05-31 00:00:00+00:00,0,0.3591198404617026,0.40029193247021927,Deep Cross Gaming,Team Secret Whales
79122,2026-05-31 00:00:00+00:00,0,0.5654077046167383,0.6010749994736532,JD Gaming,Top Esports
79132,2026-05-31 00:00:00+00:00,0,0.6203862600884265,0.6525755636238358,RED Canids,Los Grandes
79142,2026-05-31 00:00:00+00:00,1,0.3383823363874032,0.379299134305518,Forsaken,BOMBA Team
78925,2026-06-01 00:00:00+00:00,1,0.20990644664996103,0.24496869925055134,G3V E-sports,SDM Tigres
79017,2026-06-01 00:00:00+00:00,0,0.41178563880220165,0.45286912998139617,KaBuM! Ilha das Lendas,Vivo Keyd Stars Academy
79081,2026-06-01 00:00:00+00:00,1,0.7354464733586408,0.7583921478587138,Verdant,Deer Gaming
79084,2026-06-01 00:00:00+00:00,0,0.7137272356696948,0.738587954147121,Arctic Pandas,Ruddy Corporation
79127,2026-06-01 00:00:00+00:00,0,0.821328131285139,0.8361732429503089,Anyone s Legend,Team WE
79167,2026-06-01 00:00:00+00:00,1,0.5821972043530299,0.6168771672925293,Karmine Corp,GIANTX
79001,2026-06-02 00:00:00+00:00,1,0.47440130043844675,0.5141295707457991,Volticons,9z Globant
79070,2026-06-02 00:00:00+00:00,0,0.6739603978372779,0.7021375362930677,The Bandits,mCon esports
79092,2026-06-02 00:00:00+00:00,0,0.37647508692601134,0.41773161027931177,Crusaders,Bubliki
79112,2026-06-02 00:00:00+00:00,0,0.27680319767703526,0.31589378416480135,ThunderTalk Gaming,LGD Gaming
79137,2026-06-02 00:00:00+00:00,1,0.707308968537018,0.7327223203193607,Nightbirds,eSuba
79175,2026-06-02 00:00:00+00:00,0,0.5384575924071792,0.5755623880351826,SillySilly Gaming,Frank Esports
78686,2026-06-03 00:00:00+00:00,1,0.8045484212528696,0.8210253859194504,Team Heretics Academy,Barca eSports
79043,2026-06-03 00:00:00+00:00,0,0.11163647883341174,0.1359584966056204,DetonatioN FocusMe Academy,Arneb
79046,2026-06-03 00:00:00+00:00,1,0.47288408743383187,0.5126599946244182,Uwinks,New Meta
79087,2026-06-03 00:00:00+00:00,1,0.45638727627431463,0.49663519899415143,Solary,Galions
79117,2026-06-03 00:00:00+00:00,1,0.7145451478386455,0.7393349903467668,Bilibili Gaming,EDward Gaming
79190,2026-06-03 00:00:00+00:00,0,0.5890734711192708,0.6233295630908467,Deer Gaming,Ruddy Corporation
79220,2026-06-03 00:00:00+00:00,1,0.5828981515517216,0.6175354173030364,Otter Side,Bubliki
78691,2026-06-04 00:00:00+00:00,0,0.828334444447442,0.8424941156148449,Movistar KOI Fenix,UCAM Esports
79049,2026-06-04 00:00:00+00:00,0,0.5328237273201198,0.5702051591154176,L Guide Gaming,RAYN Clocks
79052,2026-06-04 00:00:00+00:00,1,0.2186256077478907,0.25434663650241596,Rising Gaming,FENNEL
79097,2026-06-04 00:00:00+00:00,1,0.4469064769200429,0.4873868380826746,CCG Esports,Winthrop University
79006,2026-06-05 00:00:00+00:00,1,0.825590124060965,0.8400185064950074,Misa Esports,PCIFIC Esports
79107,2026-06-05 00:00:00+00:00,0,0.38257595131513106,0.4238350669633744,MVK Esports,GAM Esports
79210,2026-06-05 00:00:00+00:00,1,0.1650705738445002,0.19603767193508845,CITA Kaizen,Nightbirds
79230,2026-06-05 00:00:00+00:00,1,0.515306568250756,0.5534933151180386,Anyone s Legend,LGD Gaming
79245,2026-06-05 00:00:00+00:00,1,0.7998890503875654,0.8168160957127018,Verdant,Ruddy Corporation
79250,2026-06-05 00:00:00+00:00,1,0.8356920850824338,0.8491301320417647,Movistar KOI Fenix,Barca eSports
79255,2026-06-05 00:00:00+00:00,1,0.7848924841800469,0.8032570148621261,Team Heretics Academy,UCAM Esports
79260,2026-06-05 00:00:00+00:00,1,0.6147948906260587,0.647369195787865,Conviction,CCG Esports
79147,2026-06-06 00:00:00+00:00,1,0.740330701674748,0.7628367250032314,Dplus KIA,HANJIN BRION
79152,2026-06-06 00:00:00+00:00,1,0.6648935504368649,0.6937886895347224,FURIA,Los Grandes
79157,2026-06-06 00:00:00+00:00,0,0.301040290620247,0.34104898802933276,FlyQuest,Team Liquid
79180,2026-06-06 00:00:00+00:00,1,0.5124192499763072,0.5507306128259873,Karmine Corp,Movistar KOI
79215,2026-06-06 00:00:00+00:00,0,0.14375940691628436,0.17232708550701575,mCon esports,Frites Esports Club
79235,2026-06-06 00:00:00+00:00,0,0.3242453769562628,0.3648879982816435,JD Gaming,Bilibili Gaming
79265,2026-06-06 00:00:00+00:00,1,0.38468116048429973,0.4259379602010915,Deep Cross Gaming,GAM Esports
79162,2026-06-07 00:00:00+00:00,0,0.49048939406372816,0.529669803024888,Cloud9,LYON
79240,2026-06-07 00:00:00+00:00,1,0.714210025738983,0.7390289203587196,Top Esports,Team WE
79270,2026-06-07 00:00:00+00:00,1,0.30019679582069225,0.3401780178817173,KT Rolster,Dplus KIA
79280,2026-06-07 00:00:00+00:00,1,0.6900571381410278,0.7169235715291601,Team Secret Whales,Deep Cross Gaming
79285,2026-06-07 00:00:00+00:00,1,0.6355860822867276,0.6666952667427362,G2 Esports,Karmine Corp
79396,2026-06-07 00:00:00+00:00,0,0.6712694906953068,0.699661283007029,LOUD,Vivo Keyd Stars
79399,2026-06-07 00:00:00+00:00,1,0.8677562079806557,0.8780436452670416,RED Canids,Leviatan
79402,2026-06-07 00:00:00+00:00,1,0.806209850316959,0.8225259726466765,Fluxo W7M,paiN Gaming
79290,2026-06-08 00:00:00+00:00,0,0.290069422117593,0.32969582600902764,Anyone s Legend,Bilibili Gaming
79300,2026-06-08 00:00:00+00:00,1,0.13675737059600498,0.16446679842790038,Karmine Corp Blue,Partizan Sangal
79301,2026-06-08 00:00:00+00:00,1,0.49433633719860187,0.5333743500960686,E WIE EINFACH E-SPORTS,Otter Side
79303,2026-06-08 00:00:00+00:00,0,0.1754749089038148,0.20750299039580866,GMBLERS Esports,Nightbirds
79304,2026-06-08 00:00:00+00:00,1,0.7191214208996869,0.743512862837854,GOAL,mCon esports
79305,2026-06-08 00:00:00+00:00,1,0.5200409949359247,0.5580183821902708,BOMBA Team,Magaza Esports
79306,2026-06-08 00:00:00+00:00,1,0.5514045882832921,0.5878420300175496,CITA Kaizen,Bubliki
79307,2026-06-08 00:00:00+00:00,0,0.8854077267963243,0.8939728570278836,Frites Esports Club,Ruddy Corporation
79308,2026-06-08 00:00:00+00:00,1,0.5133577760481552,0.5516288881958346,Karmine Corp Blue,CITA Kaizen
79309,2026-06-08 00:00:00+00:00,1,0.316542867235339,0.3570008316971083,E WIE EINFACH E-SPORTS,Nightbirds
79310,2026-06-08 00:00:00+00:00,0,0.4085518551472875,0.4496697582788525,GOAL,Verdant
79311,2026-06-08 00:00:00+00:00,0,0.7187420293972385,0.7431666183288889,BOMBA Team,Ruddy Corporation
79312,2026-06-08 00:00:00+00:00,1,0.6662750904251779,0.6950617982802403,FN Esports,mCon esports
79313,2026-06-08 00:00:00+00:00,0,0.3099695057428129,0.35024977683527814,GMBLERS Esports,Otter Side
79314,2026-06-08 00:00:00+00:00,1,0.7661404176331827,0.7862741120473894,Frites Esports Club,Magaza Esports
79315,2026-06-08 00:00:00+00:00,1,0.8911244088814165,0.8991364936713039,Partizan Sangal,Bubliki
79316,2026-06-08 00:00:00+00:00,1,0.31167837293525497,0.3520066370853672,Karmine Corp Blue,Verdant
79317,2026-06-08 00:00:00+00:00,1,0.7608229904899936,0.7814517891789625,E WIE EINFACH E-SPORTS,Ruddy Corporation
79318,2026-06-08 00:00:00+00:00,1,0.4398866147428259,0.48052038599028885,BOMBA Team,Otter Side
79319,2026-06-08 00:00:00+00:00,0,0.1946367819495734,0.22844084731377562,GOAL,Partizan Sangal
79320,2026-06-08 00:00:00+00:00,1,0.22317147682705535,0.25921925964732156,CITA Kaizen,Nightbirds
79321,2026-06-08 00:00:00+00:00,0,0.24268880307461949,0.2800134027486599,FN Esports,Frites Esports Club
79322,2026-06-08 00:00:00+00:00,0,0.6173777273480673,0.6497750264659816,Magaza Esports,GMBLERS Esports
79323,2026-06-08 00:00:00+00:00,1,0.43585861029235645,0.4765731216136579,mCon esports,Bubliki
79324,2026-06-08 00:00:00+00:00,0,0.24853552862722164,0.2862039104916783,BOMBA Team,Frites Esports Club
79325,2026-06-08 00:00:00+00:00,1,0.30032967531606497,0.34031524671204033,CITA Kaizen,Verdant
79326,2026-06-08 00:00:00+00:00,1,0.894142820035201,0.9018641659397861,Partizan Sangal,Ruddy Corporation
79327,2026-06-08 00:00:00+00:00,0,0.29590149708836655,0.33573787637443786,FN Esports,Nightbirds
79328,2026-06-08 00:00:00+00:00,1,0.6523098150183139,0.6821760812438724,GOAL,GMBLERS Esports
79329,2026-06-08 00:00:00+00:00,0,0.6978042848934645,0.7240241710732522,Otter Side,mCon esports
79330,2026-06-08 00:00:00+00:00,1,0.788995757231847,0.8069687905240118,Verdant,Ruddy Corporation
79331,2026-06-08 00:00:00+00:00,0,0.6784273748750475,0.7062453203654955,Nightbirds,GOAL
79332,2026-06-08 00:00:00+00:00,1,0.6563617895451055,0.6859186388417652,BOMBA Team,mCon esports
79405,2026-06-08 00:00:00+00:00,0,0.5415361779735883,0.5784862545000267,Leviatan,paiN Gaming
79407,2026-06-08 00:00:00+00:00,0,0.6044345532169519,0.6377041723067955,Los Grandes,Vivo Keyd Stars
79410,2026-06-08 00:00:00+00:00,1,0.6291902768695808,0.6607598422405211,RED Canids,Fluxo W7M
79185,2026-06-09 00:00:00+00:00,1,0.8455160762706296,0.8579887495658779,Fuego,G3V E-sports
79225,2026-06-09 00:00:00+00:00,0,0.7319163439045971,0.755177797034168,Golden Lions,Volticons
79338,2026-06-09 00:00:00+00:00,1,0.3750279835628336,0.4162818481087265,Karmine Corp Blue,Verdant
79341,2026-06-09 00:00:00+00:00,1,0.5732291547316648,0.6084450164759767,E WIE EINFACH E-SPORTS,GOAL
79344,2026-06-09 00:00:00+00:00,0,0.1520528354713222,0.18159152264431408,CITA Kaizen,Partizan Sangal
79347,2026-06-09 00:00:00+00:00,0,0.72603074003812,0.7498148657516301,Frites Esports Club,BOMBA Team
79349,2026-06-10 00:00:00+00:00,0,0.2609001373490922,0.2992387523264559,E WIE EINFACH E-SPORTS,Misa Esports
79352,2026-06-10 00:00:00+00:00,1,0.22230387026834728,0.25829016360565765,UCAM Esports,HMBLE
79355,2026-06-10 00:00:00+00:00,1,0.23006030798462052,0.2665818554770247,G2 NORD,Partizan Sangal
79358,2026-06-10 00:00:00+00:00,1,0.628346799917267,0.6599764469358151,Solary,BOMBA Team
79361,2026-06-10 00:00:00+00:00,1,0.6838318783067825,0.7112105446734591,Team Heretics Academy,Karmine Corp Blue
79364,2026-06-10 00:00:00+00:00,0,0.6307453786249209,0.6622037839194271,PCIFIC Esports,Forsaken
79367,2026-06-10 00:00:00+00:00,1,0.5251294471565298,0.562874928087,Galions,WLGaming Esports
79370,2026-06-10 00:00:00+00:00,1,0.5448811231155923,0.581660274399704,Eintracht Spandau,Anubis Gaming
79412,2026-06-10 00:00:00+00:00,0,0.503051404390703,0.5417508970786434,Fluxo W7M,LOUD
79415,2026-06-10 00:00:00+00:00,1,0.7564659091934497,0.7774980411884799,Los Grandes,paiN Gaming
79195,2026-06-11 00:00:00+00:00,1,0.756171161055073,0.7772304991318912,Saigon Warriors,SN CyberCore Esports
79372,2026-06-11 00:00:00+00:00,1,0.4634180233865267,0.5034751490435871,E WIE EINFACH E-SPORTS,HMBLE
79375,2026-06-11 00:00:00+00:00,0,0.8587812910759881,0.8699496771542314,Misa Esports,UCAM Esports
79378,2026-06-11 00:00:00+00:00,0,0.46025775542536485,0.5004025660492124,PCIFIC Esports,Karmine Corp Blue
79381,2026-06-11 00:00:00+00:00,1,0.7857523082569958,0.8040349229135552,Team Heretics Academy,Forsaken
79384,2026-06-11 00:00:00+00:00,0,0.7030639460020206,0.7288392929531138,Partizan Sangal,WLGaming Esports
79387,2026-06-11 00:00:00+00:00,0,0.35871064205147396,0.39987934351003374,G2 NORD,Galions
79390,2026-06-11 00:00:00+00:00,0,0.29674861884832116,0.33661421890746296,BOMBA Team,Anubis Gaming
79393,2026-06-11 00:00:00+00:00,1,0.4005090657112972,0.4416965989208152,Solary,Eintracht Spandau
79417,2026-06-11 00:00:00+00:00,0,0.5267313349924686,0.5644023449099543,LOUD,Los Grandes
79420,2026-06-11 00:00:00+00:00,0,0.24261620439990383,0.2799364251671813,Vivo Keyd Stars,RED Canids
79200,2026-06-12 00:00:00+00:00,0,0.438921369523158,0.4795749756179839,Saigon Dino,ZEN Esports
79275,2026-06-12 00:00:00+00:00,1,0.4646839592991755,0.5047050844421076,Hanwha Life Esports,T1
79423,2026-06-12 00:00:00+00:00,0,0.2836444068757813,0.3230215023083635,E WIE EINFACH E-SPORTS,Misa Esports
79426,2026-06-12 00:00:00+00:00,1,0.4881048852378198,0.5273713721355795,G2 NORD,WLGaming Esports
79429,2026-06-12 00:00:00+00:00,0,0.32816245326884863,0.36888936378149384,Forsaken,Karmine Corp Blue
79432,2026-06-12 00:00:00+00:00,1,0.44802880217788443,0.4884831528377684,Eintracht Spandau,Anubis Gaming
79295,2026-06-13 00:00:00+00:00,0,0.42217965494415494,0.4631279969069567,Cloud9,Team Liquid
79333,2026-06-13 00:00:00+00:00,0,0.1584604239257516,0.1887165306762193,Team WE,Bilibili Gaming
79435,2026-06-13 00:00:00+00:00,1,0.4025483303874568,0.44372037677860965,Vivo Keyd Stars,Los Grandes
79438,2026-06-13 00:00:00+00:00,1,0.714410637539386,0.7392121429276708,Gen.G,KT Rolster
79448,2026-06-13 00:00:00+00:00,1,0.6357256204902345,0.6668246668857862,Saigon Warriors,ZEN Esports
79453,2026-06-13 00:00:00+00:00,0,0.6259344566110143,0.6577351145829206,Karmine Corp Blue,UCAM Esports
79458,2026-06-13 00:00:00+00:00,1,0.5467126568092828,0.5833969812772101,Solary,G2 NORD
79463,2026-06-13 00:00:00+00:00,1,0.49024145462736735,0.529430892057653,Eintracht Spandau,Team Heretics Academy
79468,2026-06-13 00:00:00+00:00,1,0.32957261890778494,0.3703283022169902,Galions,Misa Esports
79473,2026-06-13 00:00:00+00:00,1,0.44753512645946086,0.4880009684358059,Rising Gaming,Arneb
79476,2026-06-13 00:00:00+00:00,1,0.8551979692768696,0.8667185638351412,FENNEL,Uwinks
79443,2026-06-14 00:00:00+00:00,0,0.4056177722438031,0.446763725709792,SN CyberCore Esports,Saigon Dino
79479,2026-06-14 00:00:00+00:00,1,0.5677531363068291,0.603286637918324,T1,Gen.G
79489,2026-06-14 00:00:00+00:00,1,0.6632256610918104,0.6922512338697047,FENNEL,Rising Gaming
79494,2026-06-14 00:00:00+00:00,1,0.4595498032974302,0.49971382720758134,LYON,Team Liquid
79499,2026-06-14 00:00:00+00:00,0,0.284514391607944,0.323926358766919,UCAM Esports,Solary
79504,2026-06-14 00:00:00+00:00,0,0.47279737312106684,0.5125759816830886,Eintracht Spandau,Galions
79517,2026-06-14 00:00:00+00:00,0,0.6792918177037947,0.707039844386309,RED Canids,Los Grandes
79523,2026-06-14 00:00:00+00:00,0,0.3812111403033257,0.42247088023952617,Top Esports,Bilibili Gaming
80298,2026-07-29 00:00:00+00:00,1,0.4678762918111555,0.507804421379747,Ei Nerd Esports,INTZ
80299,2026-07-29 00:00:00+00:00,1,0.3450110138944937,0.38602811987374963,RMD Gaming,KaBuM! Ilha das Lendas
80300,2026-07-29 00:00:00+00:00,1,0.6444672129481172,0.6749232792215776,paiN Gaming Academy,7REX
80301,2026-07-29 00:00:00+00:00,0,0.09887300677850573,0.12127440282005154,RED Academy,Estral Esports
80379,2026-07-29 00:00:00+00:00,1,0.797070988208245,0.8142695022472783,Anubis Gaming,GnG Amazigh
80397,2026-07-29 00:00:00+00:00,0,0.13180953114765204,0.1588906302040901,LUA Gaming,Team Heretics Academy
80400,2026-07-29 00:00:00+00:00,1,0.9488135545355074,0.9515622915926275,Movistar KOI Fenix,Falke Esports
80409,2026-07-29 00:00:00+00:00,0,0.16372304327402928,0.1945475627713139,VfB eSports,G2 NORD
80412,2026-07-29 00:00:00+00:00,1,0.6278242806248899,0.6594910725736708,Unicorns of Love Sexy Edition,TeamOrangeGaming
80492,2026-07-29 00:00:00+00:00,0,0.8504136707481122,0.8624047159427749,TLN Pirates,ZYB Esport
80493,2026-07-29 00:00:00+00:00,1,0.32597915742940603,0.36665988103991787,Ici Japon Corp. Esport,Vitality.Bee
80494,2026-07-29 00:00:00+00:00,1,0.9210190704322906,0.9262074809190859,Solary,Esprit Shonen
80495,2026-07-29 00:00:00+00:00,1,0.7529925742684509,0.7743446586633976,Karmine Corp Blue,Joblife
80496,2026-07-29 00:00:00+00:00,1,0.8961667755793981,0.9036937203164829,Galions,Skillcamp
80555,2026-07-29 00:00:00+00:00,1,0.5309150477898397,0.5683882774369822,Magaza Esports,Lupus Esports
80645,2026-07-29 00:00:00+00:00,1,0.7169722204054062,0.7415511548305115,DIA Ozarox Esports,Team Phoenix
