edge_type,source_family,source_tier,target_family,target_tier,events,date_min,date_max,unique_matches,unique_players,unique_team_pairs,match_ids,player_ids
direct_bridge,Arabian League,regional,EBL,regional,6,2023-04-04,2026-03-12,6,0,5,48685|48693|53069|53083|57917|75417,
direct_bridge,Arabian League,regional,HLL,regional,5,2023-08-15,2026-03-11,5,0,5,53099|57880|57926|72736|75394,
direct_bridge,Arabian League,regional,Hitpoint Masters,regional,4,2023-04-04,2025-09-29,4,0,3,48681|48701|53093|72616,
direct_bridge,Arabian League,regional,LFL,regional,8,2023-08-15,2025-06-05,8,0,7,53097|57887|57960|58003|61868|61879|62018|68945,
direct_bridge,Arabian League,regional,LIT,regional,4,2023-08-14,2024-08-07,4,0,2,53063|53162|57929|61873,
direct_bridge,Arabian League,regional,LPLOL,regional,1,2024-04-16,2024-04-16,1,0,1,57920,
direct_bridge,Arabian League,regional,NLC,regional,4,2023-04-04,2024-04-16,4,0,3,48673|48713|48735|57901,
direct_bridge,Arabian League,regional,Prime League,regional,1,2024-04-25,2024-04-25,1,0,1,58008,
direct_bridge,Arabian League,regional,Rift Legends,regional,4,2025-06-09,2026-03-13,4,0,4,69032|72510|72620|75451,
direct_bridge,Arabian League,regional,Road of Legends,regional,3,2023-04-04,2025-06-09,3,0,2,48666|48694|69023,
direct_bridge,Arabian League,regional,SuperLiga,regional,5,2023-04-11,2025-03-17,5,0,4,48830|57970|57976|57986|64922,
direct_bridge,Arabian League,regional,TCL,regional,7,2023-04-11,2025-06-09,7,0,7,48826|57954|57968|61863|62215|68972|69011,
direct_bridge,Arabian League,regional,Ultraliga,regional,2,2023-04-13,2024-04-19,2,0,2,48858|57938,
direct_bridge,Baltic Masters,regional,Hitpoint Masters,regional,2,2021-03-29,2021-03-30,2,0,2,30667|30697,
direct_bridge,Baltic Masters,regional,LFL,regional,1,2021-03-29,2021-03-29,1,0,1,30679,
direct_bridge,Baltic Masters,regional,LIT,regional,1,2021-03-29,2021-03-29,1,0,1,30665,
direct_bridge,Baltic Masters,regional,LPLOL,regional,2,2021-08-16,2021-08-17,2,0,1,34629|34690,
direct_bridge,Baltic Masters,regional,NLC,regional,1,2021-03-30,2021-03-30,1,0,1,30699,
direct_bridge,Baltic Masters,regional,Prime League,regional,1,2021-03-30,2021-03-30,1,0,1,30681,
direct_bridge,Baltic Masters,regional,Road of Legends,regional,2,2021-08-16,2021-08-17,2,0,1,34642|34699,
direct_bridge,Baltic Masters,regional,SuperLiga,regional,2,2021-08-16,2021-08-17,2,0,1,34650|34683,
direct_bridge,CBLOL,minor_top_level,LCK,major,2,2019-10-05,2021-10-06,2,0,2,20384|35197,
direct_bridge,CBLOL,minor_top_level,LCL,minor_top_level,1,2019-05-05,2019-05-05,1,0,1,17225,
direct_bridge,CBLOL,minor_top_level,LCO,minor_top_level,1,2022-10-02,2022-10-02,1,0,1,44307,
direct_bridge,CBLOL,minor_top_level,LCS,major,8,2017-09-24,2026-03-08,8,0,8,8959|14423|26998|44318|62765|75193|75216|75303,
direct_bridge,CBLOL,minor_top_level,LEC,major,4,2020-09-28,2022-10-01,4,0,3,27008|31257|31272|44298,
direct_bridge,CBLOL,minor_top_level,LJL,minor_top_level,5,2018-05-04,2023-05-05,5,0,5,11575|14421|17228|44324|48993,
direct_bridge,CBLOL,minor_top_level,LLA,minor_top_level,6,2018-07-04,2018-07-08,6,0,6,12499|12500|12504|12505|12593|12595,
direct_bridge,CBLOL,minor_top_level,LPL,major,2,2021-10-06,2022-05-13,2,0,2,35195|39931,
direct_bridge,CBLOL,minor_top_level,LST,minor_top_level,1,2019-05-05,2019-05-05,1,0,1,17226,
direct_bridge,CBLOL,minor_top_level,OPL,minor_top_level,1,2018-05-04,2018-05-04,1,0,1,11577,
direct_bridge,CBLOL,minor_top_level,PCS,minor_top_level,5,2021-05-07,2023-10-12,5,0,4,31252|31270|39911|44284|53517,
direct_bridge,CBLOL,minor_top_level,TCL,minor_top_level,7,2018-05-04,2022-05-13,7,0,5,11579|20386|20394|26986|31245|31273|39932,
direct_bridge,CBLOL,minor_top_level,VCS,minor_top_level,3,2023-10-10,2024-05-04,3,0,2,53479|53523|58056,
direct_bridge,EBL,regional,Arabian League,regional,6,2023-08-15,2025-10-06,6,0,5,53091|53109|53161|57892|61921|72715,
direct_bridge,EBL,regional,HLL,regional,6,2021-03-30,2026-03-13,6,0,6,30690|43965|48668|53067|57905|75445,
direct_bridge,EBL,regional,Hitpoint Masters,regional,6,2021-08-17,2024-04-16,6,0,4,34696|39458|39581|53073|57885|57910,
direct_bridge,EBL,regional,LFL,regional,7,2021-04-15,2025-09-30,7,0,7,31154|39862|44132|48741|53081|68798|72653,
direct_bridge,EBL,regional,LIT,regional,6,2021-04-01,2024-04-16,6,0,5,30835|34647|34680|48680|53095|57918,
direct_bridge,EBL,regional,LPLOL,regional,3,2021-03-30,2024-08-06,3,0,3,30686|34688|61861,
direct_bridge,EBL,regional,NLC,regional,4,2021-09-02,2024-04-15,4,0,4,34854|39573|43908|57884,
direct_bridge,EBL,regional,Prime League,regional,6,2021-08-31,2026-03-11,6,0,6,34842|39589|39710|44059|72774|75391,
direct_bridge,EBL,regional,Road of Legends,regional,2,2021-03-29,2022-08-25,2,0,2,30662|43949,
direct_bridge,EBL,regional,SuperLiga,regional,2,2022-08-30,2024-08-07,2,0,2,44048|61886,
direct_bridge,EBL,regional,Ultraliga,regional,5,2021-04-14,2024-08-09,5,0,4,31149|31188|35028|39864|61988,
direct_bridge,HLL,regional,Arabian League,regional,5,2023-08-14,2025-06-04,5,0,5,53071|53169|57913|61821|68807,
direct_bridge,HLL,regional,Baltic Masters,regional,2,2021-08-16,2021-08-17,2,0,1,34641|34698,
direct_bridge,HLL,regional,EBL,regional,8,2021-03-29,2025-06-05,8,0,8,30670|43920|48708|53107|57876|61818|64964|68880,
direct_bridge,HLL,regional,Hitpoint Masters,regional,4,2022-04-04,2025-10-02,4,0,4,39457|43968|61927|72706,
direct_bridge,HLL,regional,LFL,regional,6,2021-09-07,2025-06-09,6,0,6,35033|39849|44060|48851|53202|69014,
direct_bridge,HLL,regional,LIT,regional,8,2022-04-04,2025-10-01,8,0,8,39465|43952|48692|53079|53206|61595|72580|72681,
direct_bridge,HLL,regional,LPLOL,regional,8,2021-03-30,2024-04-16,8,0,6,30698|34649|34726|43982|48687|53074|57886|57925,
direct_bridge,HLL,regional,NLC,regional,8,2022-04-22,2025-10-01,8,0,7,39854|43953|44129|48847|53082|57921|65045|72674,
direct_bridge,HLL,regional,Prime League,regional,6,2021-04-17,2026-03-13,6,0,6,31144|39716|43915|48831|72696|75457,
direct_bridge,HLL,regional,Rift Legends,regional,3,2025-06-06,2026-03-14,3,0,3,68966|72667|75502,
direct_bridge,HLL,regional,Road of Legends,regional,6,2021-03-30,2026-03-11,6,0,6,30682|43912|48707|53090|57874|75403,
direct_bridge,HLL,regional,SuperLiga,regional,5,2021-08-19,2025-03-20,5,0,5,34730|34835|39576|62015|65024,
direct_bridge,HLL,regional,TCL,regional,5,2023-04-05,2025-06-04,5,0,5,48699|57907|61968|62036|68786,
direct_bridge,HLL,regional,Ultraliga,regional,3,2021-04-15,2022-08-31,3,0,2,31155|31193|44055,
direct_bridge,Hitpoint Masters,regional,Arabian League,regional,3,2023-08-14,2024-04-16,3,0,2,53085|57891|57904,
direct_bridge,Hitpoint Masters,regional,Baltic Masters,regional,2,2021-03-29,2021-03-30,2,0,2,30677|30695,
direct_bridge,Hitpoint Masters,regional,EBL,regional,8,2021-08-16,2025-06-03,8,0,5,34639|34724|48669|48688|48696|48709|53101|68771,
direct_bridge,Hitpoint Masters,regional,HLL,regional,4,2022-04-05,2023-04-05,4,0,3,39584|43903|48676|48704,
direct_bridge,Hitpoint Masters,regional,LES,regional,1,2026-03-10,2026-03-10,1,0,1,75365,
direct_bridge,Hitpoint Masters,regional,LFL,regional,9,2019-04-17,2024-08-15,9,0,8,17139|30663|34652|34685|43966|48839|53065|57924|62185,
direct_bridge,Hitpoint Masters,regional,LIT,regional,8,2020-04-06,2025-10-01,8,0,6,22951|30685|39449|39572|43964|43978|57906|72682,
direct_bridge,Hitpoint Masters,regional,LPLOL,regional,8,2020-04-07,2025-06-09,8,0,7,22975|26457|34684|43913|53092|57883|57916|69026,
direct_bridge,Hitpoint Masters,regional,NLC,regional,5,2021-03-30,2026-03-12,5,0,4,30683|39450|39593|64919|75411,
direct_bridge,Hitpoint Masters,regional,Prime League,regional,10,2020-04-07,2024-08-09,10,0,8,22966|23739|26433|30669|34644|34701|39577|43923|48867|61976,
direct_bridge,Hitpoint Masters,regional,Rift Legends,regional,1,2025-06-05,2025-06-05,1,0,1,68898,
direct_bridge,Hitpoint Masters,regional,Road of Legends,regional,4,2023-08-14,2025-10-02,4,0,4,53076|57877|72663|72693,
direct_bridge,Hitpoint Masters,regional,SuperLiga,regional,3,2022-04-04,2025-09-30,3,0,2,39461|39592|72664,
direct_bridge,Hitpoint Masters,regional,TCL,regional,2,2023-04-07,2023-08-15,2,0,2,48738|53108,
direct_bridge,Hitpoint Masters,regional,Ultraliga,regional,3,2020-08-17,2023-04-14,3,0,3,26435|43950|48859,
direct_bridge,LCK,major,CBLOL,minor_top_level,2,2019-10-03,2024-10-04,2,0,2,20372|62748,
direct_bridge,LCK,major,LCL,minor_top_level,2,2017-02-22,2020-10-11,2,0,2,5922|27089,
direct_bridge,LCK,major,LCO,minor_top_level,1,2021-05-18,2021-05-18,1,0,1,31310,
direct_bridge,LCK,major,LCP,minor_top_level,7,2025-03-12,2026-03-18,7,0,6,64878|69565|72873|72875|72878|72957|75560,
direct_bridge,LCK,major,LCS,major,47,2015-05-07,2026-03-19,47,0,39,1190|2187|2203|2281|2748|2757|3282|3304|4631|4654|4661|4675|6993|8997|8999|11608|14453|14478|14514|17269|20418|20445|20455|27055|27065|31241|31275|31289|35252|35254|35260|35262|35347|39969|44357|44365|44382|49045|53538|53560|58047|58108|60307|62749|62770|62804|75563,
direct_bridge,LCK,major,LEC,major,54,2015-03-13,2026-03-21,54,0,44,842|1167|1191|2181|2200|2763|3287|4629|4638|4698|5926|5941|5949|7011|7027|9020|9027|9051|11612|14456|14458|17261|17280|20425|20453|20475|20480|27077|27086|27117|31296|31317|35245|35273|35342|39950|39985|44310|44362|44369|44375|44386|49003|53567|58069|58121|64957|69262|69569|69625|69633|72868|72950|75580,
direct_bridge,LCK,major,LJL,minor_top_level,3,2021-10-11,2022-05-12,3,0,2,35235|35265|39927,
direct_bridge,LCK,major,LLA,minor_top_level,3,2021-10-05,2024-05-01,3,0,3,35189|39943|58039,
direct_bridge,LCK,major,LMS,minor_top_level,19,2015-10-08,2019-10-20,19,0,14,2209|2235|3291|4647|7000|7018|7866|9011|11620|12488|12492|12495|12585|14483|14494|17248|18462|20431|20461,
direct_bridge,LCK,major,LPL,major,99,2015-03-14,2026-03-17,99,0,77,849|853|1188|1199|2211|2218|2750|3271|4664|4670|4680|4685|7016|7862|7863|7868|7872|7915|7917|9010|9042|11624|12487|12496|12597|12599|14464|14476|14504|17274|18435|18437|18464|18467|18573|18574|18575|18576|20421|20460|20465|23882|23883|23886|23887|23889|23893|23913|27048|27049|27092|31282|31322|35186|35234|35239|35271|35275|35328|39979|44289|44341|44342|44348|44354|44385|44387|44393|44403|49050|49058|53563|53578|53584|53600|58089|58099|58113|58129|60301|60370|62735|62745|62752|62767|62784|62797|64784|64954|69297|69318|69703|72769|72871|72879|72885|72924|72977|75545,
direct_bridge,LCK,major,LTA,major,1,2025-07-18,2025-07-18,1,0,1,69628,
direct_bridge,LCK,major,PCS,minor_top_level,5,2020-10-05,2024-10-03,5,0,5,27059|31304|39965|44359|62738,
direct_bridge,LCK,major,TCL,minor_top_level,1,2019-10-05,2019-10-05,1,0,1,20382,
direct_bridge,LCK,major,VCS,minor_top_level,11,2018-05-14,2023-10-27,11,0,10,11628|14471|17254|18433|18465|39906|39958|44295|44376|53540|53575,
direct_bridge,LCL,minor_top_level,CBLOL,minor_top_level,1,2019-05-02,2019-05-02,1,0,1,17219,
direct_bridge,LCL,minor_top_level,LCK,major,1,2020-10-03,2020-10-03,1,0,1,27046,
direct_bridge,LCL,minor_top_level,LCO,minor_top_level,1,2021-05-09,2021-05-09,1,0,1,31281,
direct_bridge,LCL,minor_top_level,LCS,major,3,2019-10-04,2021-10-07,3,0,3,20376|27091|35205,
direct_bridge,LCL,minor_top_level,LJL,minor_top_level,2,2019-05-02,2021-10-05,2,0,2,17220|35190,
direct_bridge,LCL,minor_top_level,LLA,minor_top_level,3,2018-05-03,2018-10-01,3,0,2,11568|11584|14398,
direct_bridge,LCL,minor_top_level,LMS,minor_top_level,2,2017-02-23,2018-10-01,2,0,2,5938|14394,
direct_bridge,LCL,minor_top_level,LPL,major,5,2017-09-23,2021-05-09,5,0,4,8957|26995|27088|31248|31263,
direct_bridge,LCL,minor_top_level,LST,minor_top_level,1,2019-05-05,2019-05-05,1,0,1,17223,
direct_bridge,LCL,minor_top_level,OPL,minor_top_level,1,2019-10-04,2019-10-04,1,0,1,20378,
direct_bridge,LCL,minor_top_level,PCS,minor_top_level,2,2020-09-26,2021-10-07,2,0,2,26989|35211,
direct_bridge,LCL,minor_top_level,TCL,minor_top_level,7,2018-07-04,2021-10-05,7,0,7,12470|12472|12474|12541|12542|27035|35193,
direct_bridge,LCO,minor_top_level,CBLOL,minor_top_level,2,2021-10-07,2021-10-08,2,0,1,35203|35218,
direct_bridge,LCO,minor_top_level,LCK,major,2,2021-05-15,2021-10-06,2,0,2,31292|35194,
direct_bridge,LCO,minor_top_level,LCL,minor_top_level,4,2021-05-06,2021-05-09,4,0,1,31244|31254|31264|31267,
direct_bridge,LCO,minor_top_level,LCS,major,3,2021-05-17,2022-05-14,3,0,2,31305|39922|39949,
direct_bridge,LCO,minor_top_level,LEC,major,4,2021-05-17,2022-09-29,4,0,3,31303|39908|39939|44286,
direct_bridge,LCO,minor_top_level,LPL,major,5,2021-05-06,2021-05-15,5,0,1,31243|31247|31265|31268|31288,
direct_bridge,LCO,minor_top_level,PCS,minor_top_level,2,2021-05-18,2022-10-01,2,0,2,31307|44303,
direct_bridge,LCP,minor_top_level,LCK,major,3,2025-07-03,2025-10-22,3,0,3,69277|72881|72915,
direct_bridge,LCP,minor_top_level,LEC,major,4,2025-03-11,2025-10-15,4,0,3,64872|64949|69292|72867,
direct_bridge,LCP,minor_top_level,LPL,major,3,2025-03-14,2025-10-17,3,0,2,64890|69300|72882,
direct_bridge,LCP,minor_top_level,LTA,major,3,2025-10-15,2025-10-25,3,0,3,72866|72890|72944,
direct_bridge,LCS,major,CBLOL,minor_top_level,6,2017-09-23,2026-03-17,6,0,6,8954|14393|44291|75190|75211|75550,
direct_bridge,LCS,major,LCK,major,28,2015-03-13,2022-10-14,28,0,26,840|846|2205|2219|3276|4633|4646|4668|7009|9024|9040|11623|14470|14489|17257|20434|20437|20458|27083|27087|31298|35251|35277|35329|39962|44350|44352|44371,
direct_bridge,LCS,major,LCL,minor_top_level,4,2018-10-06,2020-10-05,4,0,3,14434|20364|20393|27061,
direct_bridge,LCS,major,LCO,minor_top_level,5,2021-05-16,2022-10-01,5,0,4,31294|35228|39917|39935|44301,
direct_bridge,LCS,major,LEC,major,72,2014-09-18,2024-07-04,72,0,57,182|209|220|2202|2217|2224|2275|2743|2751|3270|4651|4663|5272|7014|7812|7816|7817|7818|7820|7821|7822|7823|7824|7827|9003|9034|11629|12476|12477|12478|12479|12480|12481|12482|12483|12484|12590|14461|14481|14528|17272|17344|18409|18410|18411|18412|18413|18414|18415|18416|18417|18419|18421|20448|20452|26979|27050|27069|31287|35237|35327|39909|39934|39978|44328|44337|44344|53539|53561|53569|53581|60299,
direct_bridge,LCS,major,LJL,minor_top_level,5,2018-10-03,2022-10-02,5,0,4,14425|35212|35244|35264|44317,
direct_bridge,LCS,major,LLA,minor_top_level,2,2023-05-06,2024-09-26,2,0,2,48995|62705,
direct_bridge,LCS,major,LMS,minor_top_level,16,2015-05-08,2019-10-20,16,0,13,1165|2180|2183|2229|3268|3300|4669|7012|9035|9041|11614|14468|14475|17260|20426|20459,
direct_bridge,LCS,major,LPL,major,36,2015-05-08,2026-03-20,36,0,30,1168|2199|2227|2273|3284|4630|4648|6992|9007|9012|11635|14466|14480|14498|17253|20423|20454|27045|27058|27068|31302|35236|35246|35266|35274|39951|44358|44363|44368|49013|53543|53547|53595|58064|62737|75576,
direct_bridge,LCS,major,OPL,minor_top_level,2,2019-10-04,2020-09-26,2,0,2,20380|26991,
direct_bridge,LCS,major,PCS,minor_top_level,8,2020-10-08,2024-05-05,8,0,7,27073|31291|39975|44294|44379|49000|58036|58059,
direct_bridge,LCS,major,TCL,minor_top_level,2,2019-10-07,2021-10-06,2,0,2,20400|35201,
direct_bridge,LCS,major,VCS,minor_top_level,8,2018-05-11,2024-10-12,8,0,7,11610|17231|17250|39967|48976|53564|62739|62781,
direct_bridge,LEC,major,CBLOL,minor_top_level,3,2020-09-25,2024-10-03,3,0,3,26975|48970|62740,
direct_bridge,LEC,major,LCK,major,43,2015-03-13,2026-03-20,43,0,38,844|2214|2221|2249|2254|3269|4649|4665|5924|6987|8996|9016|11630|14479|14488|17245|20415|20450|20464|20489|27053|27067|27125|31301|35233|35240|35258|35270|35331|39971|44338|44343|44345|49008|53542|53557|58079|62736|62746|62773|64887|69700|75571,
direct_bridge,LEC,major,LCL,minor_top_level,1,2019-10-08,2019-10-08,1,0,1,20410,
direct_bridge,LEC,major,LCO,minor_top_level,3,2021-05-14,2022-05-14,3,0,2,31283|39923|39936,
direct_bridge,LEC,major,LCP,minor_top_level,5,2025-06-29,2026-03-16,5,0,5,69257|69566|69573|72921|75437,
direct_bridge,LEC,major,LCS,major,52,2014-05-08,2024-07-05,52,0,41,203|210|219|388|1159|2196|2278|2284|3289|4625|4641|6999|7813|7814|7815|7819|7825|7826|7828|7829|7889|9014|9021|9043|9045|11617|11637|12589|12591|12592|14463|14495|17251|18418|18420|20422|20432|27063|27081|31311|35238|35256|35276|39916|39937|39956|44283|44361|44367|53426|58084|60304,
direct_bridge,LEC,major,LJL,minor_top_level,3,2019-10-04,2023-10-13,3,0,3,20377|44290|53514,
direct_bridge,LEC,major,LLA,minor_top_level,2,2018-10-07,2019-10-02,2,0,2,14444|20369,
direct_bridge,LEC,major,LMS,minor_top_level,18,2015-05-07,2019-10-18,18,0,15,1163|2228|3266|4627|5278|5923|5925|5935|5944|7002|8984|9031|11625|14472|14497|17263|20436|20446,
direct_bridge,LEC,major,LPL,major,50,2015-10-01,2026-03-22,50,0,43,2179|2190|2220|2240|2739|2749|3292|4657|4662|4674|6995|9025|9036|11606|14467|14477|14519|14523|14531|17265|20442|20456|20493|27052|27076|27084|27106|31290|35248|35249|35259|35278|39953|44296|44356|44364|44370|53544|53551|53572|53589|53592|62787|64881|69254|69272|72872|72888|72962|75588,
direct_bridge,LEC,major,LST,minor_top_level,1,2018-10-04,2018-10-04,1,0,1,14430,
direct_bridge,LEC,major,LTA,major,4,2025-06-27,2025-10-22,4,0,2,69227|69282|69567|72918,
direct_bridge,LEC,major,NLC,regional,1,2026-03-14,2026-03-14,1,0,1,75505,
direct_bridge,LEC,major,OPL,minor_top_level,1,2020-09-28,2020-09-28,1,0,1,26997,
direct_bridge,LEC,major,PCS,minor_top_level,9,2020-10-03,2024-09-27,9,0,8,27047|27071|31293|35250|35272|39963|48987|58094|62723,
direct_bridge,LEC,major,TCL,minor_top_level,2,2018-10-02,2022-09-29,2,0,2,14400|44285,
direct_bridge,LEC,major,TCL,regional,1,2026-03-31,2026-03-31,1,0,1,75714,
direct_bridge,LEC,major,VCS,minor_top_level,15,2018-05-15,2024-10-07,15,0,12,11633|14484|17270|20443|39974|44299|44319|44373|53508|53549|58042|58062|62696|62750|62762,
direct_bridge,LES,regional,Arabian League,regional,1,2026-03-09,2026-03-09,1,0,1,75524,
direct_bridge,LES,regional,Hitpoint Masters,regional,1,2026-03-10,2026-03-10,1,0,1,75350,
direct_bridge,LES,regional,LEC,major,2,2026-03-12,2026-03-25,2,0,2,75408|75635,
direct_bridge,LES,regional,LFL,regional,1,2026-03-24,2026-03-24,1,0,1,75620,
direct_bridge,LES,regional,NLC,regional,3,2026-03-12,2026-03-14,3,0,2,75414|75466|75508,
direct_bridge,LFL,regional,Arabian League,regional,13,2023-04-04,2026-03-11,13,0,11,48682|48710|48734|53077|57912|57980|61634|61645|61955|65019|72672|72686|75397,
direct_bridge,LFL,regional,Baltic Masters,regional,1,2021-03-30,2021-03-30,1,0,1,30687,
direct_bridge,LFL,regional,EBL,regional,8,2021-04-20,2025-10-07,8,0,8,31187|31227|39810|44042|53089|61604|72501|72745,
direct_bridge,LFL,regional,HLL,regional,8,2021-09-01,2025-03-17,8,0,8,34846|39802|44125|48827|53166|53224|61971|64913,
direct_bridge,LFL,regional,Hitpoint Masters,regional,10,2021-03-30,2025-09-29,10,0,10,30703|43901|43985|48865|53105|57879|57932|61601|72583|72619,
direct_bridge,LFL,regional,LES,regional,2,2026-03-12,2026-03-14,2,0,1,75420|75499,
direct_bridge,LFL,regional,LIT,regional,12,2020-04-24,2026-03-09,12,0,12,23642|26817|35016|39835|44047|48860|53196|53239|57983|61825|61866|75345,
direct_bridge,LFL,regional,LPLOL,regional,11,2022-04-04,2026-03-10,11,0,9,39451|39629|43921|43951|48670|48690|61832|68780|72688|72713|75362,
direct_bridge,LFL,regional,NLC,regional,22,2019-09-11,2025-10-12,22,0,21,20222|20339|30671|31230|31259|35106|35123|39852|39858|39876|44056|44057|44224|44229|48855|53308|57965|64982|65055|69212|72748|72843,
direct_bridge,LFL,regional,Prime League,regional,30,2020-04-30,2026-04-07,30,0,28,23684|26619|26815|31205|35101|39811|39838|39863|44124|44134|44142|48837|48849|53209|53320|57953|57975|61693|61819|61830|61855|61876|62190|62210|68948|72818|75527|75623|75641|75918,
direct_bridge,LFL,regional,Rift Legends,regional,2,2025-06-11,2025-10-07,2,0,2,69074|72742,
direct_bridge,LFL,regional,Road of Legends,regional,8,2022-04-05,2025-09-29,8,0,7,39574|39579|43906|43979|48674|48698|65014|72609,
direct_bridge,LFL,regional,SuperLiga,regional,32,2019-04-08,2025-11-02,32,0,30,17049|17182|20220|23258|23762|26416|26823|31203|35012|35030|35087|39720|39860|39891|43963|44062|44136|48842|48912|53310|53402|57944|61642|61660|61872|61880|61973|62177|62205|72711|72838|72939,
direct_bridge,LFL,regional,TCL,regional,12,2023-04-14,2026-04-14,12,0,11,48868|53325|57943|57948|58013|61881|61926|62180|68762|68954|72694|76335,
direct_bridge,LFL,regional,Ultraliga,regional,21,2019-04-09,2024-04-20,21,0,18,17053|20209|23640|23820|26625|26825|30826|31135|31186|39452|39586|39635|39711|39866|39896|43962|44130|44139|48869|53211|57981,
direct_bridge,LFL Div2,development,SuperLiga,regional,3,2018-04-14,2018-09-23,3,0,3,11480|14184|14311,
direct_bridge,LIT,regional,Arabian League,regional,5,2023-08-15,2026-03-13,5,0,5,53103|61972|68774|68801|75460,
direct_bridge,LIT,regional,Baltic Masters,regional,1,2021-03-30,2021-03-30,1,0,1,30689,
direct_bridge,LIT,regional,EBL,regional,3,2023-04-05,2024-04-15,3,0,3,48700|53075|57873,
direct_bridge,LIT,regional,HLL,regional,7,2021-04-16,2023-08-23,7,0,6,31133|31195|39588|43919|48684|53087|53228,
direct_bridge,LIT,regional,Hitpoint Masters,regional,14,2020-04-07,2026-03-12,14,0,11,22971|23230|30657|34631|34692|43911|48672|48712|57893|61631|61865|72507|72721|75426,
direct_bridge,LIT,regional,LFL,regional,10,2020-04-30,2024-08-20,10,0,10,23680|26594|34850|39712|44119|48838|53217|53220|57955|62381,
direct_bridge,LIT,regional,LPLOL,regional,6,2019-04-16,2025-03-17,6,0,5,17133|20330|22939|26462|53315|64928,
direct_bridge,LIT,regional,NLC,regional,6,2022-08-29,2026-03-10,6,0,5,44041|53200|53226|61824|72666|75359,
direct_bridge,LIT,regional,Prime League,regional,14,2020-04-23,2025-06-06,14,0,12,23261|26624|30701|31147|31156|31194|31199|39834|43972|44053|48897|53235|57939|68963,
direct_bridge,LIT,regional,Rift Legends,regional,1,2026-03-11,2026-03-11,1,0,1,75385,
direct_bridge,LIT,regional,Road of Legends,regional,3,2024-04-16,2025-06-06,3,0,3,57914|64987|68975,
direct_bridge,LIT,regional,SuperLiga,regional,7,2021-04-16,2025-03-18,7,0,6,31138|34838|39453|39803|48870|53387|64979,
direct_bridge,LIT,regional,TCL,regional,7,2023-04-12,2025-09-29,7,0,6,48840|57971|61874|61958|62024|68877|72618,
direct_bridge,LIT,regional,Ultraliga,regional,9,2019-09-16,2023-08-24,9,0,7,20317|26473|26816|31142|31143|31192|31202|34733|53233,
direct_bridge,LJL,minor_top_level,CBLOL,minor_top_level,5,2018-05-06,2022-09-29,5,0,4,11588|14395|14432|17222|44287,
direct_bridge,LJL,minor_top_level,LCK,major,3,2021-05-08,2022-05-15,3,0,2,31255|31279|39941,
direct_bridge,LJL,minor_top_level,LCL,minor_top_level,2,2019-05-05,2020-09-26,2,0,2,17227|26987,
direct_bridge,LJL,minor_top_level,LCO,minor_top_level,1,2022-09-30,2022-09-30,1,0,1,44293,
direct_bridge,LJL,minor_top_level,LCS,major,5,2018-10-01,2022-10-02,5,0,3,14397|31250|31278|35192|44308,
direct_bridge,LJL,minor_top_level,LEC,major,1,2019-10-02,2019-10-02,1,0,1,20365,
direct_bridge,LJL,minor_top_level,LLA,minor_top_level,3,2019-10-02,2022-05-15,3,0,3,20367|31276|39944,
direct_bridge,LJL,minor_top_level,LPL,major,3,2018-10-06,2021-10-16,3,0,3,14439|26992|35261,
direct_bridge,LJL,minor_top_level,LST,minor_top_level,1,2019-05-05,2019-05-05,1,0,1,17224,
direct_bridge,LJL,minor_top_level,OPL,minor_top_level,5,2018-05-06,2018-07-04,5,0,4,11591|12452|12455|12457|12466,
direct_bridge,LJL,minor_top_level,PCS,minor_top_level,2,2021-10-07,2023-10-11,2,0,2,35204|53482,
direct_bridge,LJL,minor_top_level,TCL,minor_top_level,1,2018-05-06,2018-05-06,1,0,1,11586,
direct_bridge,LJL,minor_top_level,VCS,minor_top_level,1,2022-05-11,2022-05-11,1,0,1,39918,
direct_bridge,LLA,minor_top_level,CBLOL,minor_top_level,8,2018-07-04,2024-09-29,8,0,6,12497|12502|12506|12507|12594|12596|35187|62728,
direct_bridge,LLA,minor_top_level,LCK,major,4,2021-05-07,2022-10-01,4,0,3,31249|31277|39919|44305,
direct_bridge,LLA,minor_top_level,LCL,minor_top_level,4,2018-05-03,2020-09-27,4,0,3,11573|11583|14422|26993,
direct_bridge,LLA,minor_top_level,LCO,minor_top_level,1,2021-10-06,2021-10-06,1,0,1,35196,
direct_bridge,LLA,minor_top_level,LCS,major,2,2021-05-08,2021-05-11,2,0,1,31256|31280,
direct_bridge,LLA,minor_top_level,LEC,major,2,2019-10-04,2022-09-29,2,0,2,20381|44282,
direct_bridge,LLA,minor_top_level,LJL,minor_top_level,4,2019-10-04,2022-05-10,4,0,4,20379|26985|31242|39907,
direct_bridge,LLA,minor_top_level,LMS,minor_top_level,1,2018-10-03,2018-10-03,1,0,1,14424,
direct_bridge,LLA,minor_top_level,LPL,major,2,2018-10-04,2020-09-29,2,0,2,14427|27010,
direct_bridge,LLA,minor_top_level,OPL,minor_top_level,2,2018-10-04,2019-05-02,2,0,2,14429|17217,
direct_bridge,LLA,minor_top_level,PCS,minor_top_level,2,2023-10-10,2024-05-04,2,0,2,53476|58053,
direct_bridge,LLA,minor_top_level,TCL,minor_top_level,1,2019-05-01,2019-05-01,1,0,1,17213,
direct_bridge,LLA,minor_top_level,VCS,minor_top_level,3,2019-05-02,2023-05-05,3,0,3,17214|39940|48990,
direct_bridge,LMS,minor_top_level,LCK,major,21,2015-05-08,2019-10-18,21,0,18,1170|2191|3278|4672|5275|7007|7861|7867|7871|9037|11634|11643|12489|12584|12586|14459|14465|17266|18432|20424|20447,
direct_bridge,LMS,minor_top_level,LCL,minor_top_level,3,2018-05-09,2019-05-06,3,0,3,11603|14420|17236,
direct_bridge,LMS,minor_top_level,LCS,major,14,2015-10-08,2019-10-18,14,0,12,2208|2225|3286|4639|6996|7017|9001|9005|11632|14491|14499|17246|20428|20449,
direct_bridge,LMS,minor_top_level,LEC,major,15,2015-10-03,2019-10-17,15,0,13,2198|2230|3283|4656|5952|6106|6990|9008|11609|14474|14485|14502|17255|20438|20440,
direct_bridge,LMS,minor_top_level,LLA,minor_top_level,2,2018-10-01,2019-10-08,2,0,2,14396|20405,
direct_bridge,LMS,minor_top_level,LPL,major,22,2015-10-11,2019-10-20,22,0,16,2223|3275|4632|4660|7010|7864|7869|7870|7903|7905|7907|9033|9039|11616|11636|12486|14490|14496|17258|18463|20419|20457,
direct_bridge,LMS,minor_top_level,LST,minor_top_level,1,2019-10-05,2019-10-05,1,0,1,20383,
direct_bridge,LMS,minor_top_level,TCL,minor_top_level,1,2018-10-07,2018-10-07,1,0,1,14449,
direct_bridge,LMS,minor_top_level,VCS,minor_top_level,5,2018-05-13,2019-10-14,5,0,5,11622|14487|17273|20375|20430,
direct_bridge,LPL,major,CBLOL,minor_top_level,3,2022-05-14,2026-03-19,3,0,3,39948|58045|75568,
direct_bridge,LPL,major,LCK,major,63,2015-10-03,2026-03-16,63,0,53,2193|2195|3294|3295|4640|4642|6998|7916|7918|9006|9030|9066|9071|11611|11647|12490|12494|12598|12600|12601|14482|14492|17256|20427|20451|23888|23892|23919|27062|27080|27082|27191|31306|35231|35247|35255|35263|35370|35402|39960|39988|44366|44372|44378|44384|44408|49055|53545|53605|53610|53618|53622|58124|60296|62734|62759|62801|62816|69287|69619|69630|72967|75432,
direct_bridge,LPL,major,LCL,minor_top_level,4,2017-09-24,2021-05-09,4,0,3,8964|27066|31253|31266,
direct_bridge,LPL,major,LCO,minor_top_level,2,2021-05-16,2021-10-05,2,0,2,31297|35188,
direct_bridge,LPL,major,LCP,minor_top_level,1,2025-06-27,2025-06-27,1,0,1,69232,
direct_bridge,LPL,major,LCS,major,34,2015-03-13,2024-10-04,34,0,27,845|856|2197|2222|3265|4666|4671|7004|9032|9038|9061|11618|14457|14473|14493|14501|17267|17275|20416|20462|27072|27085|27090|31285|35243|35257|39973|39980|44340|44346|44381|48984|49018|62747,
direct_bridge,LPL,major,LEC,major,53,2015-03-13,2026-03-18,53,0,46,847|1164|2188|2215|2226|2754|2760|3273|4634|4644|7005|7023|9002|9018|9056|11621|11638|14469|14500|14503|14509|17249|20429|20433|20463|20470|27056|27060|27074|27107|31308|35242|35268|35326|35330|39966|44351|44355|44377|44388|49040|53541|53562|58050|58118|60310|62733|62758|62761|62778|69622|72880|75555,
direct_bridge,LPL,major,LJL,minor_top_level,3,2020-09-27,2022-10-04,3,0,3,27007|35253|44333,
direct_bridge,LPL,major,LLA,minor_top_level,5,2018-10-02,2023-05-03,5,0,5,14399|26988|35202|44302|48973,
direct_bridge,LPL,major,LMS,minor_top_level,24,2015-05-07,2019-10-17,24,0,21,1161|1196|2201|3281|4636|4667|6988|7865|7904|7906|9000|9013|11627|12485|12491|12493|14454|14462|17271|18466|18468|18469|20417|20444,
direct_bridge,LPL,major,LTA,major,5,2025-07-02,2025-10-24,5,0,5,69267|69305|72869|72877|72927,
direct_bridge,LPL,major,OPL,minor_top_level,1,2018-10-04,2018-10-04,1,0,1,14431,
direct_bridge,LPL,major,PCS,minor_top_level,11,2020-09-25,2024-10-11,11,0,7,26978|27064|27078|31295|31312|35232|39947|39957|44353|58074|62776,
direct_bridge,LPL,major,TCL,minor_top_level,2,2022-05-13,2022-10-01,2,0,1,39929|44304,
direct_bridge,LPL,major,VCS,minor_top_level,8,2018-05-12,2022-10-08,8,0,7,11613|17262|18434|18436|20435|39964|44311|44347,
direct_bridge,LPLOL,regional,Arabian League,regional,5,2023-04-04,2025-10-01,5,0,4,48678|48702|57875|61607|72675,
direct_bridge,LPLOL,regional,EBL,regional,2,2021-03-29,2021-08-16,2,0,2,30678|34635,
direct_bridge,LPLOL,regional,HLL,regional,6,2021-03-29,2025-09-30,6,0,6,30658|34682|48695|53094|57911|72661,
direct_bridge,LPLOL,regional,Hitpoint Masters,regional,7,2020-04-06,2025-06-03,7,0,7,22943|26425|34651|43958|53084|53163|68765,
direct_bridge,LPLOL,regional,LFL,regional,7,2022-04-04,2024-04-16,7,0,4,39460|39583|39594|43918|43954|57895|57908,
direct_bridge,LPLOL,regional,LFL Div2,development,1,2018-09-20,2018-09-20,1,0,1,14284,
direct_bridge,LPLOL,regional,LIT,regional,4,2020-04-07,2021-08-17,4,0,3,22959|26438|34643|34700,
direct_bridge,LPLOL,regional,NLC,regional,1,2023-08-14,2023-08-14,1,0,1,53062,
direct_bridge,LPLOL,regional,Prime League,regional,2,2020-08-18,2024-08-07,2,0,2,26441|61884,
direct_bridge,LPLOL,regional,Rift Legends,regional,1,2025-10-07,2025-10-07,1,0,1,72757,
direct_bridge,LPLOL,regional,Road of Legends,regional,13,2021-03-29,2024-04-16,13,0,11,30668|30694|34722|39459|39591|43959|48675|48686|48706|53078|53104|57890|57903,
direct_bridge,LPLOL,regional,SuperLiga,regional,10,2019-04-17,2025-06-05,10,0,10,17143|22980|27244|27255|27264|30676|43902|61637|61856|68889,
direct_bridge,LPLOL,regional,TCL,regional,4,2023-04-04,2026-03-13,4,0,4,48671|53072|57923|75448,
direct_bridge,LPLOL,regional,Ultraliga,regional,5,2021-03-30,2022-08-24,5,0,4,30704|39575|39578|39618|43905,
direct_bridge,LST,minor_top_level,CBLOL,minor_top_level,1,2019-05-02,2019-05-02,1,0,1,17221,
direct_bridge,LST,minor_top_level,LCL,minor_top_level,1,2019-05-05,2019-05-05,1,0,1,17229,
direct_bridge,LST,minor_top_level,LEC,major,1,2018-10-02,2018-10-02,1,0,1,14404,
direct_bridge,LST,minor_top_level,LJL,minor_top_level,1,2019-05-02,2019-05-02,1,0,1,17218,
direct_bridge,LST,minor_top_level,LMS,minor_top_level,1,2019-10-03,2019-10-03,1,0,1,20371,
direct_bridge,LST,minor_top_level,TCL,minor_top_level,1,2018-10-02,2018-10-02,1,0,1,14402,
direct_bridge,LST,minor_top_level,VCS,minor_top_level,1,2019-10-03,2019-10-03,1,0,1,20373,
direct_bridge,LTA,major,LCK,major,4,2025-03-14,2025-10-24,4,0,4,64893|72870|72891|72930,
direct_bridge,LTA,major,LCP,minor_top_level,3,2025-03-13,2025-10-19,3,0,3,64884|69249|72892,
direct_bridge,LTA,major,LEC,major,2,2025-03-10,2025-07-16,2,0,2,64781|69570,
direct_bridge,LTA,major,LPL,major,1,2025-03-11,2025-03-11,1,0,1,64875,
direct_bridge,NLC,regional,Arabian League,regional,2,2024-04-15,2025-06-06,2,0,2,57872|68957,
direct_bridge,NLC,regional,Baltic Masters,regional,3,2021-03-29,2021-08-17,3,0,2,30659|34634|34687,
direct_bridge,NLC,regional,EBL,regional,6,2021-09-06,2024-04-16,6,0,5,35026|39462|43957|48677|48705|57909,
direct_bridge,NLC,regional,HLL,regional,11,2022-04-17,2026-03-09,11,0,9,39808|43900|44050|48825|53102|53160|53198|53222|57888|61858|75342,
direct_bridge,NLC,regional,Hitpoint Masters,regional,5,2019-04-18,2026-03-13,5,0,4,17144|30675|48689|48697|75472,
direct_bridge,NLC,regional,LEC,major,1,2026-03-10,2026-03-10,1,0,1,75353,
direct_bridge,NLC,regional,LFL,regional,22,2019-04-10,2025-10-20,22,0,15,17065|17095|17105|30691|30822|31151|31207|39718|39719|39875|44121|44128|44223|48833|53204|53230|57945|72679|72718|72803|72856|72933,
direct_bridge,NLC,regional,LIT,regional,1,2022-09-05,2022-09-05,1,0,1,44123,
direct_bridge,NLC,regional,LPLOL,regional,5,2021-08-19,2025-10-02,5,0,5,34727|53086|61885|72613|72690,
direct_bridge,NLC,regional,Prime League,regional,16,2021-05-01,2026-03-25,16,0,13,31238|34853|35023|35029|39454|39585|39850|44049|48853|57985|61875|64993|68804|69029|75617|75626,
direct_bridge,NLC,regional,Rift Legends,regional,3,2025-09-24,2025-10-08,3,0,3,72588|72614|72780,
direct_bridge,NLC,regional,Road of Legends,regional,4,2021-08-16,2025-09-23,4,0,4,34646|43969|53070|72504,
direct_bridge,NLC,regional,SuperLiga,regional,13,2019-04-08,2025-06-21,13,0,10,17046|20211|30823|31140|31206|34695|34723|35018|35072|39855|61925|62165|69237,
direct_bridge,NLC,regional,TCL,regional,4,2024-08-02,2025-10-02,4,0,4,61698|62012|69182|72685,
direct_bridge,NLC,regional,Ultraliga,regional,10,2019-04-17,2024-07-31,10,0,9,17138|20214|34841|34843|35020|39859|39881|44063|57949|61619,
direct_bridge,OPL,minor_top_level,CBLOL,minor_top_level,2,2018-05-06,2020-09-25,2,0,2,11587|26977,
direct_bridge,OPL,minor_top_level,LCL,minor_top_level,2,2019-10-02,2019-10-04,2,0,1,20366|20392,
direct_bridge,OPL,minor_top_level,LCS,major,2,2019-10-02,2020-09-28,2,0,2,20368|27009,
direct_bridge,OPL,minor_top_level,LJL,minor_top_level,2,2018-05-04,2018-07-03,2,0,2,11578|12459,
direct_bridge,OPL,minor_top_level,LLA,minor_top_level,2,2018-10-02,2019-05-01,2,0,2,14401|17201,
direct_bridge,OPL,minor_top_level,LPL,major,2,2018-10-02,2020-09-30,2,0,2,14403|27030,
direct_bridge,OPL,minor_top_level,TCL,minor_top_level,3,2018-05-06,2020-09-28,3,0,3,11589|17215|26999,
direct_bridge,OPL,minor_top_level,VCS,minor_top_level,1,2019-05-01,2019-05-01,1,0,1,17212,
direct_bridge,PCS,minor_top_level,CBLOL,minor_top_level,3,2022-05-13,2024-09-25,3,0,3,39928|48998|62699,
direct_bridge,PCS,minor_top_level,LCK,major,7,2020-10-09,2022-10-16,7,0,6,27075|31284|35223|35241|35267|39955|44380,
direct_bridge,PCS,minor_top_level,LCL,minor_top_level,2,2020-09-27,2021-10-06,2,0,2,27006|35200,
direct_bridge,PCS,minor_top_level,LCO,minor_top_level,1,2021-05-14,2021-05-14,1,0,1,31286,
direct_bridge,PCS,minor_top_level,LCS,major,8,2020-10-04,2024-10-06,8,0,8,27051|31309|35198|39959|44339|62720|62731|62760,
direct_bridge,PCS,minor_top_level,LEC,major,10,2020-10-05,2024-10-04,10,0,8,27057|27079|31246|31274|31299|39968|44306|53526|53533|62751,
direct_bridge,PCS,minor_top_level,LJL,minor_top_level,3,2020-09-27,2023-05-02,3,0,3,26994|44300|48967,
direct_bridge,PCS,minor_top_level,LLA,minor_top_level,1,2020-09-25,2020-09-25,1,0,1,26976,
direct_bridge,PCS,minor_top_level,LPL,major,7,2020-10-04,2022-10-16,7,0,5,27054|27070|31300|35269|39933|39977|44383,
direct_bridge,PCS,minor_top_level,TCL,minor_top_level,1,2022-05-12,2022-05-12,1,0,1,39924,
direct_bridge,PCS,minor_top_level,VCS,minor_top_level,7,2020-05-07,2022-05-20,7,0,5,23874|23875|23880|23881|23903|23907|39952,
direct_bridge,Prime League,regional,Arabian League,regional,3,2024-04-23,2025-10-16,3,0,3,57998|72760|72846,
direct_bridge,Prime League,regional,Baltic Masters,regional,1,2021-03-29,2021-03-29,1,0,1,30661,
direct_bridge,Prime League,regional,EBL,regional,12,2021-09-06,2026-03-15,12,0,12,35024|39446|39865|44135|61622|61860|61878|64925|72574|72697|75368|75516,
direct_bridge,Prime League,regional,HLL,regional,9,2021-04-21,2026-03-15,9,0,9,31191|39851|43960|48857|61613|62168|64984|75496|75522,
direct_bridge,Prime League,regional,Hitpoint Masters,regional,11,2020-04-06,2025-06-06,11,0,10,22950|23265|26453|30693|34736|39466|39638|43956|48845|64970|68969,
direct_bridge,Prime League,regional,LEC,major,1,2026-03-23,2026-03-23,1,0,1,75536,
direct_bridge,Prime League,regional,LES,regional,1,2026-03-23,2026-03-23,1,0,1,75530,
direct_bridge,Prime League,regional,LFL,regional,36,2020-04-25,2026-03-23,36,0,31,23644|26622|26829|26969|31139|34632|34693|34839|35015|39801|39806|39853|39886|44044|44046|44051|48823|48861|48896|53208|53231|53234|53309|57947|57977|61864|61919|62004|62030|64931|64976|72611|72671|72677|72700|75533,
direct_bridge,Prime League,regional,LIT,regional,17,2020-04-30,2025-10-02,17,0,15,23681|26819|30673|31215|34844|35013|39715|43907|44122|53213|57963|61657|61923|62174|72597|72621|72703,
direct_bridge,Prime League,regional,LPLOL,regional,5,2020-08-17,2026-03-11,5,0,5,26421|43988|72608|72659|75400,
direct_bridge,Prime League,regional,NLC,regional,8,2021-04-14,2024-08-12,8,0,7,31145|31204|34836|39804|44120|48829|57957|62033,
direct_bridge,Prime League,regional,Rift Legends,regional,1,2025-10-07,2025-10-07,1,0,1,72751,
direct_bridge,Prime League,regional,Road of Legends,regional,4,2024-08-06,2026-03-13,4,0,4,61867|68777|72766|75442,
direct_bridge,Prime League,regional,SuperLiga,regional,30,2020-05-01,2025-10-17,30,0,23,23731|23769|26470|26809|26955|31141|31197|31208|34851|35017|39836|44058|44131|44239|48907|53218|61703|61929|61967|68768|69017|69089|72607|72665|72669|72710|72727|72823|72833|72901,
direct_bridge,Prime League,regional,TCL,regional,12,2023-04-25,2026-03-15,12,0,12,48941|48979|53236|57979|57988|61648|61822|61924|62009|72654|72656|75513,
direct_bridge,Prime League,regional,Ultraliga,regional,18,2020-05-01,2024-08-12,18,0,15,23733|23771|26593|26629|26966|27000|34849|34855|35019|35077|39807|44137|48841|53241|57941|61628|61827|62021,
direct_bridge,Rift Legends,regional,Arabian League,regional,1,2025-10-02,2025-10-02,1,0,1,72695,
direct_bridge,Rift Legends,regional,EBL,regional,1,2025-06-09,2025-06-09,1,0,1,69020,
direct_bridge,Rift Legends,regional,Hitpoint Masters,regional,2,2025-10-01,2025-10-06,2,0,2,72684|72733,
direct_bridge,Rift Legends,regional,LFL,regional,3,2025-06-13,2026-03-15,3,0,2,69094|75454|75519,
direct_bridge,Rift Legends,regional,LIT,regional,2,2025-10-02,2026-03-14,2,0,2,72691|75490,
direct_bridge,Rift Legends,regional,LPLOL,regional,1,2025-10-06,2025-10-06,1,0,1,72709,
direct_bridge,Rift Legends,regional,Prime League,regional,2,2025-10-01,2026-03-11,2,0,2,72683|75406,
direct_bridge,Rift Legends,regional,Road of Legends,regional,1,2025-10-06,2025-10-06,1,0,1,72714,
direct_bridge,Rift Legends,regional,SuperLiga,regional,2,2025-03-18,2025-10-01,2,0,2,64961|72680,
direct_bridge,Rift Legends,regional,TCL,regional,1,2025-06-04,2025-06-04,1,0,1,68795,
direct_bridge,Road of Legends,regional,Baltic Masters,regional,2,2021-08-16,2021-08-17,2,0,1,34645|34678,
direct_bridge,Road of Legends,regional,EBL,regional,6,2021-03-30,2024-08-08,6,0,4,30702|30821|43904|57889|57902|61964,
direct_bridge,Road of Legends,regional,HLL,regional,7,2021-03-29,2024-04-16,7,0,6,30674|34633|34686|43961|48667|53066|57919,
direct_bridge,Road of Legends,regional,Hitpoint Masters,regional,3,2023-08-15,2024-08-05,3,0,3,53096|57922|61826,
direct_bridge,Road of Legends,regional,LFL,regional,3,2022-04-04,2022-08-25,3,0,3,39463|39468|43971,
direct_bridge,Road of Legends,regional,LIT,regional,1,2024-04-15,2024-04-15,1,0,1,57881,
direct_bridge,Road of Legends,regional,LPLOL,regional,13,2021-03-29,2025-10-01,13,0,12,30666|30696|34637|34694|39448|39582|43914|48703|53064|53106|64967|68978|72673,
direct_bridge,Road of Legends,regional,NLC,regional,5,2021-08-17,2025-06-04,5,0,5,34679|43916|53098|61982|68789,
direct_bridge,Road of Legends,regional,Prime League,regional,2,2021-04-01,2026-03-13,2,0,2,30829|75463,
direct_bridge,Road of Legends,regional,SuperLiga,regional,3,2021-03-29,2022-08-25,3,0,3,30660|34691|43955,
direct_bridge,Road of Legends,regional,TCL,regional,4,2023-04-04,2026-03-14,4,0,4,48683|53080|57882|75493,
direct_bridge,Road of Legends,regional,Ultraliga,regional,4,2021-03-29,2022-04-05,4,0,3,30680|39447|39587|39590,
direct_bridge,SuperLiga,regional,Arabian League,regional,6,2023-04-13,2025-10-11,6,0,6,48854|57950|57952|61817|64990|72828,
direct_bridge,SuperLiga,regional,EBL,regional,5,2021-04-16,2025-09-29,5,0,3,31136|31185|44133|68951|72612,
direct_bridge,SuperLiga,regional,HLL,regional,3,2021-09-07,2025-09-29,3,0,3,35034|39445|72615,
direct_bridge,SuperLiga,regional,Hitpoint Masters,regional,1,2024-07-31,2024-07-31,1,0,1,61616,
direct_bridge,SuperLiga,regional,LFL,regional,29,2019-04-16,2025-09-29,29,0,25,17137|23675|26444|26499|31146|31150|31189|31235|34845|34857|35082|39812|39833|43910|44064|44138|44277|44312|48864|53214|53238|57964|61823|62431|69099|69187|69192|69222|72610,
direct_bridge,SuperLiga,regional,LIT,regional,9,2019-04-18,2025-09-30,9,0,9,17149|31201|31224|35014|39580|39837|48846|68792|72662,
direct_bridge,SuperLiga,regional,LPLOL,regional,10,2020-04-06,2025-10-07,10,0,9,22948|27246|27253|30684|43967|53197|53219|61991|72571|72754,
direct_bridge,SuperLiga,regional,NLC,regional,11,2019-09-19,2025-09-30,11,0,10,20337|20359|34638|34848|39632|39714|61598|61651|61862|68960|72655,
direct_bridge,SuperLiga,regional,Prime League,regional,14,2020-04-22,2025-10-21,14,0,13,23254|26620|26957|31152|34840|35021|39713|44045|44140|48946|53240|62195|72786|72936,
direct_bridge,SuperLiga,regional,Rift Legends,regional,3,2025-06-03,2025-10-08,3,0,3,68783|72692|72783,
direct_bridge,SuperLiga,regional,Road of Legends,regional,5,2021-03-30,2025-06-14,5,0,5,30700|34630|43922|64916|69104,
direct_bridge,SuperLiga,regional,TCL,regional,9,2023-04-11,2025-10-06,9,0,9,48834|48836|53225|53232|57966|57984|61918|72592|72712,
direct_bridge,SuperLiga,regional,Ultraliga,regional,21,2019-09-09,2024-04-19,21,0,15,20206|20302|20346|23263|23647|23770|23818|26596|26811|30672|31153|31190|31198|34852|35022|35071|39857|44043|48824|53205|57958,
direct_bridge,TCL,minor_top_level,CBLOL,minor_top_level,3,2018-05-06,2022-05-11,3,0,3,11590|20374|39920,
direct_bridge,TCL,minor_top_level,LCK,major,2,2019-10-03,2022-09-30,2,0,2,20370|44297,
direct_bridge,TCL,minor_top_level,LCL,minor_top_level,3,2018-07-05,2018-07-07,3,0,3,12531|12540|12587,
direct_bridge,TCL,minor_top_level,LCS,major,1,2020-09-28,2020-09-28,1,0,1,26996,
direct_bridge,TCL,minor_top_level,LEC,major,6,2018-10-04,2021-05-10,6,0,3,14426|14433|26990|27015|31251|31269,
direct_bridge,TCL,minor_top_level,LJL,minor_top_level,2,2018-05-04,2021-10-06,2,0,2,11576|35199,
direct_bridge,TCL,minor_top_level,LLA,minor_top_level,2,2019-05-01,2022-10-02,2,0,2,17198|44309,
direct_bridge,TCL,minor_top_level,LPL,major,1,2022-05-14,2022-05-14,1,0,1,39946,
direct_bridge,TCL,minor_top_level,LST,minor_top_level,1,2018-10-04,2018-10-04,1,0,1,14428,
direct_bridge,TCL,minor_top_level,OPL,minor_top_level,2,2018-05-04,2019-05-01,2,0,2,11574|17200,
direct_bridge,TCL,minor_top_level,PCS,minor_top_level,5,2021-05-08,2022-05-13,5,0,3,31258|31271|35191|35213|39930,
direct_bridge,TCL,minor_top_level,VCS,minor_top_level,5,2018-07-04,2019-05-01,5,0,4,12469|12473|12475|12538|17202,
direct_bridge,TCL,regional,Arabian League,regional,5,2023-04-13,2025-03-18,5,0,4,48848|57940|57982|57987|64973,
direct_bridge,TCL,regional,EBL,regional,2,2024-04-17,2025-10-01,2,0,2,57935|72670,
direct_bridge,TCL,regional,HLL,regional,5,2023-04-04,2025-09-29,5,0,5,48679|57894|61639|61870|72617,
direct_bridge,TCL,regional,Hitpoint Masters,regional,3,2023-08-14,2025-10-07,3,0,3,53068|69069|72763,
direct_bridge,TCL,regional,LES,regional,3,2026-03-10,2026-03-25,3,0,2,75356|75469|75629,
direct_bridge,TCL,regional,LFL,regional,13,2023-04-12,2026-03-24,13,0,12,48844|48902|53216|53242|57967|57972|61688|61859|61985|69177|72658|72898|75614,
direct_bridge,TCL,regional,LIT,regional,3,2023-04-14,2024-04-19,3,0,3,48866|53172|57951,
direct_bridge,TCL,regional,LPLOL,regional,7,2023-04-05,2026-03-12,7,0,6,48711|53100|53203|53229|57878|61820|75423,
direct_bridge,TCL,regional,NLC,regional,4,2024-08-05,2025-10-06,4,0,4,61828|61969|65029|72730,
direct_bridge,TCL,regional,Prime League,regional,9,2023-08-22,2026-04-07,9,0,7,53212|57959|58026|61654|61970|72724|75339|75921|76321,
direct_bridge,TCL,regional,Rift Legends,regional,4,2025-03-17,2025-10-11,4,0,4,64910|72622|72777|72798,
direct_bridge,TCL,regional,Road of Legends,regional,8,2023-04-05,2026-03-11,8,0,8,48691|53088|57915|61592|61610|61625|72577|75388,
direct_bridge,TCL,regional,SuperLiga,regional,9,2023-04-13,2025-10-02,9,0,8,48856|48862|53201|53210|57942|57956|61829|62376|72687,
direct_bridge,TCL,regional,Ultraliga,regional,4,2023-04-11,2024-08-06,4,0,4,48828|53195|57974|61857,
direct_bridge,Ultraliga,regional,Arabian League,regional,2,2023-04-11,2024-04-20,2,0,2,48832|57962,
direct_bridge,Ultraliga,regional,EBL,regional,3,2021-08-30,2024-08-05,3,0,3,34837|39805|61831,
direct_bridge,Ultraliga,regional,HLL,regional,4,2021-09-02,2024-08-08,4,0,3,34856|35031|44127|61928,
direct_bridge,Ultraliga,regional,Hitpoint Masters,regional,8,2019-04-16,2024-08-07,8,0,7,17132|20326|26455|34636|34689|43917|48835|61882,
direct_bridge,Ultraliga,regional,LFL,regional,24,2019-04-18,2024-08-09,24,0,20,17148|23674|23768|23780|23815|26627|26820|26963|34640|34697|34834|35035|39455|39595|39709|39856|43909|44052|44054|48843|53237|57961|57993|61979,
direct_bridge,Ultraliga,regional,LIT,regional,3,2020-08-26,2023-08-22,3,0,3,26623|31214|53207,
direct_bridge,Ultraliga,regional,LPLOL,regional,7,2019-09-17,2023-08-23,7,0,6,20325|30664|39464|39467|43970|53199|53223,
direct_bridge,Ultraliga,regional,NLC,regional,7,2019-04-10,2024-08-08,7,0,7,17061|20352|35025|39809|44126|57973|61920,
direct_bridge,Ultraliga,regional,Prime League,regional,18,2020-04-25,2024-04-20,18,0,12,23646|26814|26818|26956|26972|31134|31137|31196|31200|34648|34681|34725|35027|39861|44061|48863|53215|57969,
direct_bridge,Ultraliga,regional,Road of Legends,regional,4,2021-03-30,2024-08-07,4,0,3,30688|39456|39612|61883,
direct_bridge,Ultraliga,regional,SuperLiga,regional,17,2019-04-09,2024-08-06,17,0,15,17056|17092|23236|23677|23730|26503|26822|30692|31148|34847|35032|39717|44141|48850|53227|57978|61869,
direct_bridge,Ultraliga,regional,TCL,regional,3,2023-04-13,2024-04-19,3,0,3,48852|53221|57946,
direct_bridge,VCS,minor_top_level,CBLOL,minor_top_level,1,2024-09-28,2024-09-28,1,0,1,62717,
direct_bridge,VCS,minor_top_level,LCK,major,7,2018-05-12,2022-10-10,7,0,6,11615|14486|17268|20395|39945|39976|44360,
direct_bridge,VCS,minor_top_level,LCL,minor_top_level,5,2018-07-04,2019-05-07,5,0,4,12467|12468|12471|12530|17240,
direct_bridge,VCS,minor_top_level,LCS,major,3,2018-05-14,2022-05-20,3,0,3,11626|17264|39954,
direct_bridge,VCS,minor_top_level,LEC,major,6,2018-05-13,2022-10-09,6,0,6,11619|14460|17259|20420|39961|44349,
direct_bridge,VCS,minor_top_level,LJL,minor_top_level,1,2022-05-15,2022-05-15,1,0,1,39942,
direct_bridge,VCS,minor_top_level,LLA,minor_top_level,5,2019-05-01,2024-09-27,5,0,5,17199|39926|44292|53511|62726,
direct_bridge,VCS,minor_top_level,LMS,minor_top_level,5,2018-05-11,2019-10-17,5,0,5,11607|14455|17252|20387|20441,
direct_bridge,VCS,minor_top_level,LPL,major,6,2018-05-15,2022-10-15,6,0,6,11631|17247|18470|20439|39970|44374,
direct_bridge,VCS,minor_top_level,LST,minor_top_level,1,2019-10-05,2019-10-05,1,0,1,20385,
direct_bridge,VCS,minor_top_level,OPL,minor_top_level,1,2019-05-01,2019-05-01,1,0,1,17197,
direct_bridge,VCS,minor_top_level,PCS,minor_top_level,7,2020-05-07,2024-09-26,7,0,7,23871|23872|23876|23877|39972|53520|62702,
direct_bridge,VCS,minor_top_level,TCL,minor_top_level,7,2018-05-08,2022-09-29,7,0,6,11598|12536|12537|12539|17216|17230|44288,
player_transfer,Arabian League,regional,Circuito Desafiante,development,1,2025-03-17,2025-03-17,0,1,1,,5617
player_transfer,Arabian League,regional,EBL,regional,2,2024-01-31,2024-02-01,0,2,2,,4676|4693
player_transfer,Arabian League,regional,HLL,regional,9,2023-06-05,2026-05-07,0,9,9,,1946|2833|3002|3564|3881|4314|4538|4903|5512
player_transfer,Arabian League,regional,Hitpoint Masters,regional,3,2025-02-08,2025-07-20,0,3,3,,1844|5048|5265
player_transfer,Arabian League,regional,LCK CL,development,2,2025-07-21,2025-07-22,0,2,2,,2575|355
player_transfer,Arabian League,regional,LFL,regional,11,2024-05-22,2026-04-08,0,11,10,,2729|3084|3236|3921|4111|4192|5010|5015|5821|6390|6474
player_transfer,Arabian League,regional,LFL Div2,development,8,2024-01-19,2025-07-19,0,8,8,,1313|2182|2962|4317|4546|5049|5415|5713
player_transfer,Arabian League,regional,LIT,regional,4,2023-06-08,2024-06-27,0,4,4,,1578|5012|5014|5621
player_transfer,Arabian League,regional,LJL,minor_top_level,2,2026-04-30,2026-04-30,0,2,1,,4870|6315
player_transfer,Arabian League,regional,LPLOL,regional,4,2025-08-06,2026-04-29,0,4,4,,1349|3506|6334|639
player_transfer,Arabian League,regional,NLC,regional,6,2025-04-02,2026-01-15,0,6,6,,1487|2312|2845|3028|4642|597
player_transfer,Arabian League,regional,Prime League,regional,6,2023-09-12,2026-02-11,0,6,6,,1404|3591|3852|4670|5242|791
player_transfer,Arabian League,regional,Rift Legends,regional,4,2025-01-28,2025-07-22,0,4,4,,1470|5398|5561|5618
player_transfer,Arabian League,regional,Road of Legends,regional,2,2024-01-23,2026-01-13,0,2,2,,4708|5066
player_transfer,Arabian League,regional,SuperLiga,regional,3,2024-05-22,2025-07-15,0,3,3,,4754|4994|5073
player_transfer,Arabian League,regional,SuperLiga Second Division,development,1,2023-06-30,2023-06-30,0,1,1,,2585
player_transfer,Arabian League,regional,TCL,regional,13,2023-06-14,2026-05-01,0,13,13,,1438|2011|2231|2353|3039|3160|4321|4416|4421|4490|4728|4738|4739
player_transfer,Arabian League,regional,Ultraliga,regional,1,2023-05-29,2023-05-29,0,1,1,,1480
player_transfer,Baltic Masters,regional,EBL,regional,4,2021-06-14,2022-01-24,0,4,4,,1832|2591|2593|2801
player_transfer,Baltic Masters,regional,HLL,regional,2,2021-10-11,2022-01-17,0,2,2,,1729|4055
player_transfer,Baltic Masters,regional,Hitpoint Masters,regional,2,2021-08-05,2022-01-17,0,2,2,,3249|4054
player_transfer,Baltic Masters,regional,LIT,regional,5,2021-06-01,2025-01-22,0,5,5,,2123|2592|3605|3950|3955
player_transfer,Baltic Masters,regional,NLC,regional,2,2021-06-02,2023-06-06,0,2,2,,3222|723
player_transfer,Baltic Masters,regional,Road of Legends,regional,1,2021-06-01,2021-06-01,0,1,1,,3606
player_transfer,Baltic Masters,regional,Ultraliga,regional,6,2022-01-11,2024-06-04,0,6,6,,1840|2589|3609|3763|3951|3953
player_transfer,CBLOL,minor_top_level,CBLOL Academy,development,134,2021-01-19,2024-07-08,0,90,70,,1001|1002|1008|1010|1011|1067|1111|1382|1417|1509|1510|1624|1658|1726|1796|1920|2225|2238|2327|2354|2379|2684|2709|2711|2767|2786|2787|2877|2878|2894|2903|2966|2968|3120|3121|3122|3123|3126|3135|3136|3197|3210|3211|3212|3213|3214|3215|3416|3417|3418|3419|3420|3515|3516|3517|3523|3528|3529|3546|3699|3764|3786|3910|3911|3913|3915|3917|4062|4075|438|4476|4479|4481|4484|4485|4588|4764|4970|4971|5347|5586|560|828|831|834|835|848|850|997|998
player_transfer,CBLOL,minor_top_level,Circuito Desafiante,development,66,2020-02-03,2026-05-04,0,60,49,,1000|1003|1009|1026|1067|1508|1602|1623|1658|1795|1796|1820|1908|1921|2195|2225|2238|2329|2433|2451|2878|3121|3126|3212|3418|3513|3521|3527|3528|3530|3546|4062|436|4474|4480|4481|4487|4759|4762|5274|5590|5596|5599|5784|827|828|829|831|833|834|835|837|838|843|848|849|850|946|947|997
player_transfer,CBLOL,minor_top_level,EBL,regional,2,2021-01-25,2021-01-25,0,2,2,,1820|2355
player_transfer,CBLOL,minor_top_level,Hitpoint Masters,regional,1,2020-06-21,2020-06-21,0,1,1,,2899
player_transfer,CBLOL,minor_top_level,LCK,major,2,2019-04-16,2019-12-23,0,2,2,,2241|874
player_transfer,CBLOL,minor_top_level,LCK CL,development,1,2025-01-13,2025-01-13,0,1,1,,2894
player_transfer,CBLOL,minor_top_level,LCL,minor_top_level,2,2022-02-12,2022-02-12,0,2,1,,16|18
player_transfer,CBLOL,minor_top_level,LCO,minor_top_level,3,2022-01-24,2023-01-23,0,3,3,,1402|1995|2923
player_transfer,CBLOL,minor_top_level,LCS,major,1,2024-01-27,2024-01-27,0,1,1,,2085
player_transfer,CBLOL,minor_top_level,LEC,major,2,2025-01-18,2025-05-12,0,2,2,,247|984
player_transfer,CBLOL,minor_top_level,LFL,regional,1,2021-06-08,2021-06-08,0,1,1,,2263
player_transfer,CBLOL,minor_top_level,LIT,regional,1,2022-01-18,2022-01-18,0,1,1,,3123
player_transfer,CBLOL,minor_top_level,LLA,minor_top_level,16,2019-06-08,2024-07-31,0,15,14,,1114|1230|1648|1652|1682|1686|1912|2085|2357|2786|3418|4958|552|586|696
player_transfer,CBLOL,minor_top_level,LPL,major,1,2021-12-20,2021-12-20,0,1,1,,2028
player_transfer,CBLOL,minor_top_level,LPLOL,regional,3,2018-05-28,2021-01-25,0,3,3,,1070|1734|1914
player_transfer,CBLOL,minor_top_level,LTA,major,26,2025-01-25,2025-04-05,0,26,13,,1007|1011|1623|1644|1915|201|2241|2329|2349|2379|2672|2709|2959|3115|3116|3210|3527|3764|3774|4765|4976|5270|838|845|946|999
player_transfer,CBLOL,minor_top_level,NA Challenger Series,development,1,2017-06-08,2017-06-08,0,1,1,,229
player_transfer,CBLOL,minor_top_level,Prime League,regional,1,2020-01-21,2020-01-21,0,1,1,,1112
player_transfer,CBLOL,minor_top_level,TCL,minor_top_level,2,2019-02-16,2021-07-10,0,2,2,,694|832
player_transfer,CBLOL,minor_top_level,TCL,regional,2,2023-06-14,2025-01-23,0,2,2,,2245|2667
player_transfer,CBLOL Academy,development,CBLOL,minor_top_level,124,2021-01-30,2026-03-29,0,84,57,,1001|1008|1011|1111|1417|1658|1796|2225|2238|2327|2379|2709|2711|2767|2786|2787|2877|2878|2894|2903|2959|2966|2968|3117|3120|3121|3122|3123|3126|3135|3136|3210|3211|3212|3213|3215|3417|3418|3515|3516|3517|3521|3523|3527|3528|3529|3530|3546|3699|3764|3774|3786|3910|3911|3913|3915|3917|4062|4075|438|4474|4476|4479|4480|4481|4484|4485|4487|4759|4761|4762|4764|4765|4970|4971|4976|5347|5586|5588|5590|828|835|848|997
player_transfer,CBLOL Academy,development,Circuito Desafiante,development,41,2025-03-17,2026-04-06,0,41,37,,1509|1624|2327|2767|2792|2878|2966|3124|3529|438|4479|4483|4757|4764|4848|4970|4971|4974|5137|5274|5347|5586|5587|5591|5594|5595|5598|5599|5600|5602|5604|5607|5635|5643|5781|5782|5784|5785|5786|831|997
player_transfer,CBLOL Academy,development,LLA,minor_top_level,6,2021-06-19,2024-06-11,0,6,6,,1510|2354|3123|3416|3517|3914
player_transfer,CBLOL Academy,development,LRS,development,2,2026-03-03,2026-03-03,0,2,2,,1648|5140
player_transfer,CBLOL Academy,development,LTA,major,3,2025-01-26,2025-07-26,0,3,3,,3909|4485|5601
player_transfer,CBLOL Academy,development,NACL,development,11,2024-09-14,2026-05-06,0,11,3,,2786|2877|3215|3513|3751|3910|3915|4758|4776|5596|5773
player_transfer,CBLOL Academy,development,VCS,minor_top_level,1,2023-06-23,2023-06-23,0,1,1,,1382
player_transfer,Circuito Desafiante,development,CBLOL,minor_top_level,43,2020-05-19,2026-05-03,0,40,31,,1000|1009|1067|1230|1623|1686|1795|1820|1921|2225|2329|2786|2899|2968|3115|3116|3121|3123|3513|3909|436|4485|4971|5274|5347|5586|5599|5773|5786|827|829|831|833|834|838|848|849|850|946|997
player_transfer,Circuito Desafiante,development,CBLOL Academy,development,20,2021-01-19,2022-06-14,0,20,16,,1000|1003|1796|2238|2785|2787|2792|2878|2959|3117|3119|3120|3122|3124|3125|3126|3135|3136|3192|828
player_transfer,Circuito Desafiante,development,LCK,major,1,2025-12-07,2025-12-07,0,1,1,,6507
player_transfer,Circuito Desafiante,development,LLA,minor_top_level,2,2021-01-30,2021-01-30,0,2,2,,1032|1042
player_transfer,Circuito Desafiante,development,LRS,development,1,2026-03-03,2026-03-03,0,1,1,,5598
player_transfer,Circuito Desafiante,development,LTA,major,9,2025-04-05,2025-08-03,0,8,4,,2225|2959|3115|3528|5009|5274|5784|947
player_transfer,Circuito Desafiante,development,SuperLiga,regional,1,2025-04-08,2025-04-08,0,1,1,,1335
player_transfer,EBL,regional,Arabian League,regional,12,2023-02-01,2026-04-10,0,12,11,,2833|2962|3506|3707|3881|4336|4506|4676|4693|5261|5580|5821
player_transfer,EBL,regional,HLL,regional,31,2021-05-31,2026-05-07,0,28,27,,111|1487|1831|1963|2355|2472|2593|2837|2991|3290|3453|3460|3463|3573|3581|3582|4068|4186|4344|4355|4507|4677|5443|5575|5655|5998|6379|6381
player_transfer,EBL,regional,Hitpoint Masters,regional,12,2021-06-17,2026-04-17,0,12,10,,1874|1963|2335|2929|3257|3288|3833|4906|5023|5099|5536|6759
player_transfer,EBL,regional,LFL,regional,7,2021-06-08,2026-01-22,0,7,6,,1578|1579|2059|2842|3231|3285|3991
player_transfer,EBL,regional,LFL Div2,development,15,2022-01-17,2025-07-19,0,15,14,,2064|2981|3090|3193|3457|3502|3978|4068|4099|4337|4355|4560|4621|4675|4680
player_transfer,EBL,regional,LIT,regional,17,2021-06-23,2026-04-01,0,17,16,,1481|1614|2161|2259|2835|2838|2899|3279|3594|3707|3887|4313|4399|4708|5260|5731|6833
player_transfer,EBL,regional,LPLOL,regional,9,2024-01-25,2026-04-29,0,9,8,,3222|4068|4357|4360|4680|6099|6525|6529|6530
player_transfer,EBL,regional,NLC,regional,13,2021-06-02,2026-01-15,0,13,13,,1824|2801|2838|2882|2978|3591|4068|4451|4676|5142|5474|5717|5732
player_transfer,EBL,regional,Prime League,regional,3,2021-06-01,2025-03-26,0,3,3,,2850|3591|5143
player_transfer,EBL,regional,Prime League Second Division,development,1,2023-01-09,2023-01-09,0,1,1,,4773
player_transfer,EBL,regional,Rift Legends,regional,2,2025-04-09,2026-02-14,0,2,2,,3380|6322
player_transfer,EBL,regional,Road of Legends,regional,15,2022-01-17,2026-01-13,0,14,15,,1957|2838|2849|2969|2988|3002|3009|3383|3577|4354|4621|4658|4979|5022
player_transfer,EBL,regional,SuperLiga,regional,10,2021-05-31,2025-07-15,0,10,8,,1334|2262|2277|2355|2988|3574|3861|3902|4353|5525
player_transfer,EBL,regional,SuperLiga Second Division,development,7,2023-01-18,2024-05-24,0,7,7,,2981|3000|3002|3978|4189|4343|5256
player_transfer,EBL,regional,TCL,regional,4,2024-05-30,2026-01-20,0,4,4,,4437|4843|5483|5651
player_transfer,EBL,regional,Ultraliga,regional,10,2021-06-08,2023-01-16,0,10,8,,1696|1820|2272|2436|2591|3001|3053|3290|3470|3763
player_transfer,EU Challenger Series,development,Hitpoint Masters,regional,1,2018-03-13,2018-03-13,0,1,1,,428
player_transfer,EU Challenger Series,development,LCK,major,2,2018-01-20,2018-01-26,0,2,2,,1076|79
player_transfer,EU Challenger Series,development,LCL,minor_top_level,2,2017-06-24,2017-06-24,0,2,2,,260|871
player_transfer,EU Challenger Series,development,LEC,major,29,2017-02-10,2018-08-03,0,28,13,,1084|1085|1086|1087|1113|125|137|214|22|234|309|31|387|482|554|646|656|690|722|744|797|872|873|874|876|879|909|936
player_transfer,EU Challenger Series,development,LFL,regional,1,2019-01-22,2019-01-22,0,1,1,,2050
player_transfer,EU Challenger Series,development,LFL Div2,development,3,2017-11-10,2017-11-10,0,3,2,,1080|1081|1082
player_transfer,EU Challenger Series,development,LIT,regional,2,2020-01-22,2021-06-01,0,2,2,,1090|869
player_transfer,EU Challenger Series,development,LJL,minor_top_level,1,2018-02-10,2018-02-10,0,1,1,,878
player_transfer,EU Challenger Series,development,LMS,minor_top_level,1,2018-01-25,2018-01-25,0,1,1,,1077
player_transfer,EU Challenger Series,development,NA Academy,development,1,2018-01-26,2018-01-26,0,1,1,,875
player_transfer,EU Challenger Series,development,NA Challenger Series,development,1,2017-06-08,2017-06-08,0,1,1,,640
player_transfer,EU Challenger Series,development,NLC,regional,2,2019-02-14,2021-06-02,0,2,2,,1088|459
player_transfer,EU Challenger Series,development,OPL,minor_top_level,2,2018-02-04,2018-06-09,0,2,2,,1089|877
player_transfer,EU Challenger Series,development,Prime League,regional,2,2020-01-21,2020-01-21,0,2,1,,254|800
player_transfer,EU Challenger Series,development,Prime League Second Division,development,1,2023-01-09,2023-01-09,0,1,1,,1159
player_transfer,EU Challenger Series,development,Road of Legends,regional,1,2021-01-11,2021-01-11,0,1,1,,935
player_transfer,EU Challenger Series,development,SuperLiga,regional,4,2018-02-01,2018-02-06,0,4,4,,1078|559|646|729
player_transfer,EU Challenger Series,development,TCL,minor_top_level,1,2018-07-14,2018-07-14,0,1,1,,582
player_transfer,EU Challenger Series,development,Ultraliga,regional,3,2018-10-22,2018-10-22,0,3,3,,868|870|9
player_transfer,HLL,regional,Arabian League,regional,13,2023-02-01,2026-04-10,0,13,13,,1487|1617|3921|4192|4416|4738|5015|5098|5443|5512|5549|5561|5965
player_transfer,HLL,regional,Baltic Masters,regional,2,2021-06-15,2021-06-15,0,2,2,,1729|2593
player_transfer,HLL,regional,EBL,regional,31,2021-06-14,2025-08-11,0,29,29,,1963|2472|2581|2833|2849|3000|3090|3285|3383|3453|3457|3460|3463|3573|3581|3819|3861|3991|4068|4186|4189|4342|4344|4355|4843|5142|5443|5655|5998
player_transfer,HLL,regional,Hitpoint Masters,regional,23,2021-06-17,2026-04-30,0,23,20,,1088|1721|2262|2453|2472|2780|2831|2908|3038|3149|3163|3249|3259|3564|3721|3867|3901|4041|4907|5052|5775|5872|5879
player_transfer,HLL,regional,LCL,minor_top_level,1,2021-03-06,2021-03-06,0,1,1,,2174
player_transfer,HLL,regional,LCO,minor_top_level,1,2022-01-24,2022-01-24,0,1,1,,1139
player_transfer,HLL,regional,LES,regional,1,2026-04-09,2026-04-09,0,1,1,,3891
player_transfer,HLL,regional,LFL,regional,4,2023-01-18,2026-04-22,0,4,4,,2048|4348|4982|5686
player_transfer,HLL,regional,LFL Div2,development,7,2021-06-14,2025-07-19,0,6,7,,1179|1823|2064|2335|4402|4668
player_transfer,HLL,regional,LIT,regional,21,2021-06-01,2026-04-01,0,21,20,,2059|2182|2355|2406|2445|2499|2780|2949|3193|3509|3649|3835|3976|4194|4401|4819|4832|4995|5306|6330|6342
player_transfer,HLL,regional,LLA,minor_top_level,1,2023-06-08,2023-06-08,0,1,1,,3644
player_transfer,HLL,regional,LPLOL,regional,14,2022-01-17,2026-04-29,0,14,14,,1552|2872|2991|3084|3085|3867|4360|4363|4437|4994|5539|5560|6081|6250
player_transfer,HLL,regional,NACL,development,1,2023-06-11,2023-06-11,0,1,1,,4397
player_transfer,HLL,regional,NLC,regional,19,2021-06-02,2026-01-15,0,18,17,,125|1345|1487|1910|2148|2392|2951|3449|3507|3508|3548|3648|3891|4047|4188|4637|5968|6608
player_transfer,HLL,regional,Prime League,regional,7,2024-01-17,2026-02-12,0,7,5,,2059|2585|3453|3587|4003|4021|9
player_transfer,HLL,regional,Prime League Second Division,development,4,2024-01-16,2024-05-20,0,4,4,,3252|3867|4624|5207
player_transfer,HLL,regional,Rift Legends,regional,5,2025-01-29,2026-04-01,0,5,5,,1819|3050|3404|5546|868
player_transfer,HLL,regional,Road of Legends,regional,15,2022-01-17,2026-01-13,0,15,15,,1843|2147|2783|2837|3390|3835|3900|4027|4055|4124|4626|4629|4681|4992|5774
player_transfer,HLL,regional,SuperLiga,regional,5,2024-05-22,2025-07-15,0,5,5,,1742|3582|4563|4901|868
player_transfer,HLL,regional,SuperLiga Second Division,development,10,2022-05-31,2024-05-24,0,10,10,,2017|2118|2949|3447|3463|3598|3785|4653|4999|522
player_transfer,HLL,regional,TCL,regional,5,2023-01-26,2026-04-10,0,5,5,,3782|3921|4491|5955|665
player_transfer,HLL,regional,TCL Div2,development,2,2024-01-18,2024-07-15,0,2,2,,2353|4722
player_transfer,HLL,regional,Ultraliga,regional,15,2021-06-08,2024-06-04,0,15,15,,1717|1729|1937|2406|3051|3290|3366|3469|3477|3582|3842|3903|4073|4343|4819
player_transfer,Hitpoint Challengers,development,EBL,regional,1,2025-05-08,2025-05-08,0,1,1,,3257
player_transfer,Hitpoint Challengers,development,Hitpoint Masters,regional,45,2021-02-04,2026-04-17,0,42,30,,2462|2479|2485|3081|3143|3144|3149|3153|3262|3266|3624|3637|3659|3660|3662|3670|3671|3672|3673|3678|3679|3680|3681|3683|3684|3687|3690|3766|3779|3962|4028|4032|4033|4037|4039|4040|4041|4043|4044|4045|4046|4101
player_transfer,Hitpoint Challengers,development,LPLOL,regional,2,2024-01-25,2025-04-17,0,2,2,,3663|4042
player_transfer,Hitpoint Masters,regional,Arabian League,regional,4,2025-04-09,2026-04-10,0,4,4,,2908|639|6496|6511
player_transfer,Hitpoint Masters,regional,Baltic Masters,regional,2,2021-06-15,2021-06-29,0,2,2,,3249|3628
player_transfer,Hitpoint Masters,regional,EBL,regional,8,2022-01-17,2026-05-07,0,8,8,,1824|2335|3626|3631|3833|4906|5719|6723
player_transfer,Hitpoint Masters,regional,HLL,regional,18,2021-01-18,2025-04-01,0,18,17,,1870|2335|2453|2466|2472|2492|2780|3149|3249|3252|3259|3477|3901|4041|4690|5546|5774|5775
player_transfer,Hitpoint Masters,regional,Hitpoint Challengers,development,25,2021-02-03,2021-06-30,0,23,17,,2462|2479|2485|2487|2778|3081|3143|3144|3145|3147|3149|3153|3154|3257|3262|3266|3624|3637|3671|3673|3680|3766|3962
player_transfer,Hitpoint Masters,regional,LCL,minor_top_level,4,2019-02-16,2021-02-13,0,4,4,,1861|2174|2486|2521
player_transfer,Hitpoint Masters,regional,LEC,major,3,2020-01-24,2024-01-13,0,3,3,,1584|1660|3266
player_transfer,Hitpoint Masters,regional,LES,regional,1,2026-02-13,2026-02-13,0,1,1,,6022
player_transfer,Hitpoint Masters,regional,LFL,regional,6,2022-01-12,2026-01-22,0,6,6,,1565|3721|3999|4623|5522|6083
player_transfer,Hitpoint Masters,regional,LFL Div2,development,11,2021-06-14,2025-04-12,0,11,11,,2262|2457|2469|2772|2882|3151|4004|4099|4950|5048|5053
player_transfer,Hitpoint Masters,regional,LIT,regional,18,2019-01-27,2026-01-08,0,18,18,,1153|1772|1871|1873|1958|2098|2272|2465|2831|2845|3631|3951|4368|4650|4680|5464|5559|5612
player_transfer,Hitpoint Masters,regional,LPLOL,regional,15,2018-07-02,2026-02-18,0,15,15,,1772|2393|2484|2774|2783|3259|3501|3637|3745|3779|3971|4821|5099|5549|6531
player_transfer,Hitpoint Masters,regional,LST,minor_top_level,1,2018-08-13,2018-08-13,0,1,1,,1826
player_transfer,Hitpoint Masters,regional,NACL,development,1,2025-03-28,2025-03-28,0,1,1,,1721
player_transfer,Hitpoint Masters,regional,NLC,regional,19,2021-01-19,2026-01-15,0,18,19,,1760|1846|1866|2273|2311|2461|2488|3081|3371|3901|4028|4915|5050|5130|5265|6017|6028|796
player_transfer,Hitpoint Masters,regional,Prime League,regional,3,2020-01-21,2026-02-11,0,3,3,,2460|3681|5053
player_transfer,Hitpoint Masters,regional,Rift Legends,regional,9,2025-01-28,2026-03-31,0,9,9,,1494|3052|4028|4645|5052|5224|6032|6033|6309
player_transfer,Hitpoint Masters,regional,Road of Legends,regional,17,2021-06-01,2026-01-13,0,17,16,,2467|2899|3081|3146|3251|3359|3381|3506|4528|4979|5052|5532|5533|5649|5879|6019|6027
player_transfer,Hitpoint Masters,regional,SuperLiga,regional,11,2018-05-26,2025-01-14,0,10,11,,1616|1660|1842|1844|1849|2393|2713|3258|3681|4051
player_transfer,Hitpoint Masters,regional,SuperLiga Second Division,development,6,2024-02-09,2024-06-25,0,6,6,,2163|2335|2969|4648|4654|4698
player_transfer,Hitpoint Masters,regional,TCL,minor_top_level,2,2018-07-14,2019-06-08,0,2,2,,1619|1716
player_transfer,Hitpoint Masters,regional,TCL,regional,4,2023-01-26,2025-07-17,0,4,4,,3564|3921|4490|5192
player_transfer,Hitpoint Masters,regional,Ultraliga,regional,7,2020-06-09,2024-06-04,0,7,7,,1866|2310|2457|3249|4372|4907|5319
player_transfer,Hitpoint Masters,regional,VCS,minor_top_level,1,2019-06-22,2019-06-22,0,1,1,,1772
player_transfer,LCK,major,CBLOL,minor_top_level,9,2018-01-21,2023-01-21,0,9,9,,1114|1604|1644|1912|244|2672|4253|573|586
player_transfer,LCK,major,EU Challenger Series,development,2,2017-02-05,2017-02-05,0,2,1,,690|79
player_transfer,LCK,major,LCK CL,development,293,2020-02-06,2026-05-11,0,171,82,,1076|1077|108|1239|1248|1256|1261|1265|1333|1504|1608|1613|1631|1718|1724|1905|1908|1971|2186|2194|2195|223|2241|2508|2575|2576|2642|2643|2644|2648|2649|2650|2651|2653|2654|2655|2656|2657|2658|2660|2661|2662|2664|2665|2667|2668|2669|2761|2784|2894|2918|2919|2923|3047|3083|3097|3198|3236|3242|3296|3319|3320|3322|3323|3324|3325|3326|3327|3328|3351|3356|3421|3422|3424|3425|3427|3428|3434|3436|3437|3438|3439|3440|3441|3442|3570|3694|3717|3895|3896|3897|3898|3899|3974|4209|4214|4215|4216|4217|4218|4219|4221|4224|4232|4233|4234|4235|4236|4244|4245|4246|4247|4248|4258|4259|4260|4308|449|4547|4557|4561|4572|4582|4744|4755|4796|4838|4865|4923|4925|4927|4938|4940|4942|4943|4957|499|5058|510|5122|5161|5203|5204|5264|5381|5391|5393|5394|5566|574|5919|5920|5921|5922|5923|603|643|6618|6619|6620|680|681|699|717|738|79|798|799|801|867|984
player_transfer,LCK,major,LCO,minor_top_level,2,2022-01-24,2023-01-23,0,2,2,,2357|4221
player_transfer,LCK,major,LCP,minor_top_level,14,2025-01-17,2026-04-04,0,14,7,,2213|2387|2673|286|2862|2863|3550|404|4796|5156|5169|5343|6617|931
player_transfer,LCK,major,LCS,major,31,2016-01-16,2026-01-25,0,30,23,,100|102|107|110|113|1264|1301|1364|1634|217|2545|257|2664|2669|314|3322|3326|3434|3537|371|3808|4246|447|448|451|481|572|74|78|798
player_transfer,LCK,major,LEC,major,18,2016-01-14,2026-01-17,0,17,18,,111|116|247|2671|3425|456|463|52|5264|54|637|65|68|695|867|945|984
player_transfer,LCK,major,LFL,regional,1,2023-01-18,2023-01-18,0,1,1,,3444
player_transfer,LCK,major,LIT,regional,1,2019-07-18,2019-07-18,0,1,1,,569
player_transfer,LCK,major,LJL,minor_top_level,20,2018-02-10,2025-04-04,0,18,20,,1232|1240|1248|1380|1902|2027|2346|2795|3237|3427|355|411|452|457|460|4744|602|603
player_transfer,LCK,major,LLA,minor_top_level,15,2019-06-08,2023-06-07,0,13,13,,1337|1543|1856|1904|2660|2919|3047|3356|508|568|683|815|874
player_transfer,LCK,major,LMS,minor_top_level,6,2018-01-25,2019-01-18,0,6,6,,1227|1230|364|517|697|986
player_transfer,LCK,major,LPL,major,55,2016-01-14,2026-01-16,0,51,55,,1226|1228|1229|1233|1235|124|1247|1249|1260|1328|1504|1548|1613|1906|219|2271|245|2575|2645|2918|3242|3323|3327|392|3974|399|4119|4214|4242|4247|4582|47|505|521|564|567|571|574|575|610|63|641|679|681|685|73|821|88|96|982|99
player_transfer,LCK,major,LPLOL,regional,1,2019-02-18,2019-02-18,0,1,1,,111
player_transfer,LCK,major,LRN,development,2,2025-07-13,2026-03-09,0,2,2,,65|717
player_transfer,LCK,major,LST,minor_top_level,1,2019-08-25,2019-08-25,0,1,1,,42
player_transfer,LCK,major,LTA,major,1,2025-01-25,2025-01-25,0,1,1,,2644
player_transfer,LCK,major,NA Challenger Series,development,2,2017-02-16,2017-06-08,0,2,2,,587|90
player_transfer,LCK,major,NACL,development,1,2024-01-20,2024-01-20,0,1,1,,2648
player_transfer,LCK,major,NLC,regional,2,2022-01-10,2023-01-24,0,2,2,,1333|651
player_transfer,LCK,major,PCS,minor_top_level,9,2020-02-29,2023-02-03,0,9,5,,1147|2665|4210|4211|4225|4228|4229|4230|570
player_transfer,LCK,major,Road of Legends,regional,1,2022-07-11,2022-07-11,0,1,1,,393
player_transfer,LCK,major,SuperLiga,regional,1,2024-02-21,2024-02-21,0,1,1,,2658
player_transfer,LCK,major,TCL,minor_top_level,21,2018-01-20,2022-06-11,0,20,19,,101|108|1191|1251|1254|247|3561|4249|4251|4255|450|53|581|584|601|652|694|79|984|985
player_transfer,LCK,major,TCL,regional,4,2023-01-26,2026-01-20,0,4,4,,2667|3694|4256|4921
player_transfer,LCK,major,Ultraliga,regional,1,2024-06-04,2024-06-04,0,1,1,,4257
player_transfer,LCK,major,VCS,minor_top_level,5,2018-03-08,2026-02-28,0,5,3,,1257|2799|3130|4618|5913
player_transfer,LCK CL,development,Arabian League,regional,3,2023-06-13,2025-02-14,0,3,3,,2656|3236|4870
player_transfer,LCK CL,development,CBLOL,minor_top_level,6,2021-01-30,2026-01-31,0,6,6,,2241|2575|2923|3198|3429|3438
player_transfer,LCK CL,development,LCK,major,241,2020-04-28,2026-05-09,0,125,104,,1076|108|1248|1265|1333|1504|1543|1613|1724|1905|1971|2508|2575|2644|2645|2648|2650|2660|2664|2667|2669|2761|2918|2919|2922|3047|3198|3236|3237|3242|3320|3323|3324|3325|3326|3327|3328|3356|3421|3422|3424|3425|3427|3428|3433|3434|3436|3437|3438|3439|3440|3441|3442|3444|3570|3694|3717|3895|3896|3897|3898|3899|3974|4209|4214|4215|4217|4218|4221|4224|4232|4233|4234|4235|4236|4244|4246|4247|4248|4259|4260|4308|449|4547|4557|4561|4572|4582|4744|4753|4755|4796|4838|4865|4921|4923|4925|4927|4938|4940|4942|4943|4957|499|5058|5122|5161|5203|5204|5264|5381|5382|5391|5392|5393|5394|5566|5919|603|652|680|738|798|799|984
player_transfer,LCK CL,development,LCP,minor_top_level,3,2025-01-17,2026-01-17,0,3,3,,4209|4774|5393
player_transfer,LCK CL,development,LCS,major,6,2022-02-05,2026-01-25,0,6,6,,3322|3328|3434|4217|4246|5566
player_transfer,LCK CL,development,LEC,major,8,2022-06-17,2026-01-17,0,7,8,,2657|3743|3896|4215|4258|4547|4561
player_transfer,LCK CL,development,LES,regional,1,2026-02-13,2026-02-13,0,1,1,,4562
player_transfer,LCK CL,development,LFL,regional,1,2023-01-18,2023-01-18,0,1,1,,2575
player_transfer,LCK CL,development,LJL,minor_top_level,10,2021-01-23,2026-02-21,0,10,9,,1077|1261|1608|2761|2919|3351|3432|4309|574|801
player_transfer,LCK CL,development,LLA,minor_top_level,11,2021-01-30,2024-06-12,0,11,11,,1631|1905|2195|2662|2784|2894|3083|3097|4236|699|985
player_transfer,LCK CL,development,LPL,major,10,2023-06-14,2026-04-12,0,10,10,,2508|2658|3319|3324|3424|4119|4232|4796|5161|5923
player_transfer,LCK CL,development,LTA,major,2,2025-01-25,2025-01-25,0,2,2,,4861|5123
player_transfer,LCK CL,development,NACL,development,1,2024-01-20,2024-01-20,0,1,1,,3436
player_transfer,LCK CL,development,NLC,regional,3,2022-05-30,2026-01-29,0,3,3,,15|2668|681
player_transfer,LCK CL,development,PCS,minor_top_level,7,2020-06-20,2025-04-28,0,7,6,,2658|3234|3296|3430|399|4557|5380
player_transfer,LCK CL,development,Prime League,regional,4,2023-01-19,2024-01-17,0,4,4,,3241|3422|3443|4216
player_transfer,LCK CL,development,SuperLiga,regional,1,2024-01-17,2024-01-17,0,1,1,,4234
player_transfer,LCK CL,development,TCL,minor_top_level,8,2021-01-23,2022-07-02,0,8,7,,1239|1539|2194|2649|2653|3238|3240|79
player_transfer,LCK CL,development,TCL,regional,17,2023-01-26,2026-01-20,0,17,17,,1724|3319|3325|3356|3428|3439|3441|3717|3899|4232|4235|4244|4248|4308|4572|4754|4923
player_transfer,LCK CL,development,Ultraliga,regional,3,2023-01-16,2023-05-29,0,3,3,,1908|3320|3442
player_transfer,LCK CL,development,VCS,minor_top_level,2,2024-07-18,2025-06-13,0,2,2,,4251|4922
player_transfer,LCL,minor_top_level,Arabian League,regional,2,2023-06-13,2024-05-23,0,2,2,,2818|3108
player_transfer,LCL,minor_top_level,Baltic Masters,regional,2,2021-01-26,2021-02-02,0,2,2,,2589|886
player_transfer,LCL,minor_top_level,CBLOL,minor_top_level,1,2021-06-05,2021-06-05,0,1,1,,18
player_transfer,LCL,minor_top_level,EBL,regional,3,2021-01-25,2023-01-25,0,3,3,,2335|3110|3707
player_transfer,LCL,minor_top_level,HLL,regional,6,2021-01-18,2025-04-01,0,6,6,,1179|16|2174|3111|4027|4124
player_transfer,LCL,minor_top_level,Hitpoint Masters,regional,5,2019-02-24,2023-06-06,0,5,5,,1153|3109|3501|3713|4529
player_transfer,LCL,minor_top_level,LEC,major,1,2018-03-10,2018-03-10,0,1,1,,795
player_transfer,LCL,minor_top_level,LFL,regional,3,2019-05-21,2020-01-21,0,3,3,,1212|260|899
player_transfer,LCL,minor_top_level,LFL Div2,development,2,2022-01-17,2022-05-30,0,2,2,,3216|3706
player_transfer,LCL,minor_top_level,LIT,regional,10,2019-01-27,2024-01-26,0,10,10,,1344|16|2442|2445|2814|4021|4530|4538|882|899
player_transfer,LCL,minor_top_level,LJL,minor_top_level,1,2020-02-08,2020-02-08,0,1,1,,896
player_transfer,LCL,minor_top_level,LLA,minor_top_level,2,2018-01-20,2018-01-20,0,2,2,,1148|884
player_transfer,LCL,minor_top_level,LPLOL,regional,1,2021-01-25,2021-01-25,0,1,1,,2956
player_transfer,LCL,minor_top_level,LST,minor_top_level,1,2018-08-13,2018-08-13,0,1,1,,885
player_transfer,LCL,minor_top_level,NA Academy,development,1,2020-01-25,2020-01-25,0,1,1,,1164
player_transfer,LCL,minor_top_level,NLC,regional,7,2019-02-14,2023-01-24,0,7,7,,1696|1788|18|2442|2521|3708|900
player_transfer,LCL,minor_top_level,Prime League,regional,9,2020-01-21,2023-01-19,0,9,8,,1152|1343|1349|1476|1784|2263|2264|2362|893
player_transfer,LCL,minor_top_level,Prime League Second Division,development,1,2024-05-20,2024-05-20,0,1,1,,4528
player_transfer,LCL,minor_top_level,SuperLiga,regional,9,2018-02-12,2021-05-31,0,9,9,,1149|1174|1339|1342|1729|1861|791|905|906
player_transfer,LCL,minor_top_level,SuperLiga Second Division,development,5,2022-05-31,2023-01-18,0,5,4,,1482|1861|2956|3106|903
player_transfer,LCL,minor_top_level,TCL,minor_top_level,8,2019-01-19,2021-06-12,0,8,7,,1312|1314|1341|1344|1345|1349|1578|899
player_transfer,LCL,minor_top_level,Ultraliga,regional,8,2018-10-22,2024-01-30,0,8,8,,1342|20|2384|3014|3171|597|871|892
player_transfer,LCO,minor_top_level,CBLOL,minor_top_level,2,2022-01-22,2023-01-21,0,2,2,,1402|2923
player_transfer,LCO,minor_top_level,CBLOL Academy,development,1,2024-06-03,2024-06-03,0,1,1,,3751
player_transfer,LCO,minor_top_level,LCP,minor_top_level,2,2025-04-20,2025-07-27,0,2,2,,3778|4462
player_transfer,LCO,minor_top_level,LJL,minor_top_level,1,2023-01-29,2023-01-29,0,1,1,,1998
player_transfer,LCO,minor_top_level,NA Academy,development,2,2022-03-10,2022-07-13,0,2,2,,1672|3776
player_transfer,LCO,minor_top_level,NACL,development,2,2023-01-22,2023-02-04,0,2,2,,2357|2515
player_transfer,LCO,minor_top_level,PCS,minor_top_level,44,2023-03-23,2025-02-10,0,26,8,,1137|1388|1398|1622|1672|1992|1996|2236|2515|2750|3099|3751|3776|3778|4221|4462|4468|4514|4856|5088|5205|528|5388|743|965|967
player_transfer,LCO,minor_top_level,Prime League,regional,1,2022-01-11,2022-01-11,0,1,1,,1404
player_transfer,LCO,minor_top_level,Road of Legends,regional,1,2022-06-06,2022-06-06,0,1,1,,1991
player_transfer,LCP,minor_top_level,Arabian League,regional,1,2026-01-13,2026-01-13,0,1,1,,1438
player_transfer,LCP,minor_top_level,CBLOL,minor_top_level,2,2026-01-17,2026-03-29,0,2,2,,1006|2784
player_transfer,LCP,minor_top_level,LCK,major,5,2025-12-06,2025-12-07,0,5,2,,2213|2387|5156|5169|5913
player_transfer,LCP,minor_top_level,LCK CL,development,2,2026-01-12,2026-01-13,0,2,2,,4258|4774
player_transfer,LCP,minor_top_level,LPL,major,3,2026-01-14,2026-01-19,0,3,2,,2907|4209|5904
player_transfer,LCP,minor_top_level,PCS,minor_top_level,2,2025-08-12,2026-04-28,0,2,2,,2524|6051
player_transfer,LCP,minor_top_level,Prime League,regional,1,2026-02-18,2026-02-18,0,1,1,,4462
player_transfer,LCP,minor_top_level,VCS,minor_top_level,2,2026-02-28,2026-02-28,0,2,2,,5985|6617
player_transfer,LCS,major,EBL,regional,1,2026-01-28,2026-01-28,0,1,1,,2271
player_transfer,LCS,major,EU Challenger Series,development,2,2017-02-05,2017-06-18,0,2,2,,214|582
player_transfer,LCS,major,LCK,major,12,2015-07-03,2025-01-15,0,12,12,,100|102|1613|257|2664|314|3322|371|402|587|637|815
player_transfer,LCS,major,LCK CL,development,2,2020-04-13,2022-08-02,0,2,2,,146|451
player_transfer,LCS,major,LCO,minor_top_level,1,2022-01-24,2022-01-24,0,1,1,,743
player_transfer,LCS,major,LCS Proving Grounds,development,22,2021-03-31,2022-08-10,0,21,14,,110|1135|1164|1281|1288|1389|139|1633|1980|2052|2705|3534|381|387|4178|4504|4610|855|857|862|954
player_transfer,LCS,major,LEC,major,32,2014-07-17,2025-01-18,0,31,32,,105|11|1310|137|147|1601|1638|1639|227|256|26|282|305|3544|373|374|394|448|463|491|493|554|555|572|598|730|732|772|78|809|873
player_transfer,LCS,major,LFL,regional,3,2023-01-18,2023-01-18,0,3,3,,2242|2684|909
player_transfer,LCS,major,LIT,regional,1,2023-06-08,2023-06-08,0,1,1,,4411
player_transfer,LCS,major,LJL,minor_top_level,1,2025-06-04,2025-06-04,0,1,1,,217
player_transfer,LCS,major,LLA,minor_top_level,3,2021-02-06,2024-01-16,0,3,3,,1084|1264|1364
player_transfer,LCS,major,LMS,minor_top_level,1,2018-02-01,2018-02-01,0,1,1,,385
player_transfer,LCS,major,LPL,major,8,2015-01-17,2023-12-28,0,8,8,,1264|2669|288|3326|369|472|508|74
player_transfer,LCS,major,LTA,major,31,2025-01-25,2025-08-09,0,31,15,,1135|1138|1282|1301|1501|1634|1999|2085|2358|2359|257|2631|2648|3060|3328|3434|3537|3808|4246|447|4500|46|4616|481|4885|579|733|795|798|852|854
player_transfer,LCS,major,NA Academy,development,291,2018-01-19,2022-07-28,0,136,101,,100|1013|1014|1018|1069|107|1074|1081|1084|110|1123|1135|1137|1164|127|1281|1282|1287|129|1291|1292|1293|1297|130|1301|1326|1364|138|1389|139|14|145|1496|150|1632|1634|1785|1792|1816|1904|1974|1975|1976|1977|1978|1979|1981|1987|1994|1999|232|2358|2432|256|269|27|3|3059|3060|3063|3099|313|314|315|316|3184|323|325|330|331|3413|3414|3415|3537|3543|3545|371|379|384|387|3876|3956|4089|409|4175|4179|4182|447|448|4503|451|481|49|490|501|502|512|560|563|578|579|580|583|592|613|615|616|628|629|634|644|645|67|706|707|714|729|733|758|775|794|811|852|853|854|855|857|862|864|865|954|955|965|967|968|981
player_transfer,LCS,major,NA Challenger Series,development,25,2017-01-26,2017-06-08,0,23,19,,1069|136|141|153|154|227|313|317|319|379|414|490|561|611|634|708|714|715|776|852|853|854|90
player_transfer,LCS,major,NACL,development,48,2023-01-21,2026-03-27,0,41,39,,1069|1123|1137|1254|1288|149|1632|1633|1785|1975|1976|1979|1981|1992|2013|27|2705|2881|3059|3060|3063|3184|323|330|3536|3543|3799|3813|4098|4175|4181|4182|4405|4504|4715|4965|5564|628|645|706|854
player_transfer,LCS,major,NLC,regional,3,2025-01-15,2026-02-12,0,3,3,,1496|227|872
player_transfer,LCS,major,OPL,minor_top_level,2,2018-06-08,2018-06-09,0,2,2,,379|660
player_transfer,LCS,major,PCS,minor_top_level,2,2023-06-30,2024-01-19,0,2,2,,1235|286
player_transfer,LCS,major,Prime League,regional,2,2022-05-31,2024-01-17,0,2,2,,137|235
player_transfer,LCS,major,SuperLiga,regional,1,2022-05-30,2022-05-30,0,1,1,,1085
player_transfer,LCS,major,TCL,minor_top_level,4,2018-01-20,2018-08-18,0,4,4,,113|336|719|78
player_transfer,LCS,major,TCL,regional,6,2023-06-14,2025-03-27,0,6,6,,1308|1792|2013|2420|2729|3241
player_transfer,LCS,major,VCS,minor_top_level,2,2019-07-28,2024-07-18,0,2,2,,1260|128
player_transfer,LCS Proving Grounds,development,Hitpoint Masters,regional,1,2025-07-19,2025-07-19,0,1,1,,4501
player_transfer,LCS Proving Grounds,development,LCO,minor_top_level,5,2021-06-15,2023-06-19,0,5,5,,1120|1388|1672|1994|3099
player_transfer,LCS Proving Grounds,development,LCS,major,46,2021-04-10,2023-06-14,0,40,31,,1069|1135|1137|1281|1288|1292|1389|139|1792|1979|1980|1981|1992|1999|2242|2358|2432|256|2705|3059|3063|3099|3184|3534|3537|3543|3544|3545|3810|387|3876|3956|4175|4178|4182|4500|578|855|954|967
player_transfer,LCS Proving Grounds,development,LEC,major,1,2023-03-11,2023-03-11,0,1,1,,2052
player_transfer,LCS Proving Grounds,development,LFL,regional,2,2022-01-12,2022-06-01,0,2,2,,794|965
player_transfer,LCS Proving Grounds,development,LLA,minor_top_level,2,2022-06-11,2023-01-24,0,2,2,,3956|981
player_transfer,LCS Proving Grounds,development,LTA,major,1,2025-07-27,2025-07-27,0,1,1,,4612
player_transfer,LCS Proving Grounds,development,NA Academy,development,114,2021-06-02,2022-07-28,0,79,57,,1069|110|1135|1137|1164|1281|1287|1291|1292|1326|1389|1494|1632|1633|1792|1974|1975|1978|1980|1992|1999|2236|2242|2356|2358|256|2705|2869|3059|3060|3063|3099|3184|3185|323|3413|3534|3535|3536|3537|3538|3539|3541|3542|3543|3544|3545|3799|3800|3801|3813|3814|384|3876|3983|4098|4174|4175|4177|4178|4179|4182|4184|4404|4405|4407|4500|4605|4610|578|613|729|733|794|811|857|954|965|967
player_transfer,LCS Proving Grounds,development,NACL,development,81,2023-01-21,2026-03-27,0,81,62,,110|1281|1287|1292|139|1633|1719|1975|1978|1980|1984|1997|256|2705|3060|3062|323|3413|3415|3534|3538|3539|3542|3776|3796|3799|3800|3801|3804|3807|3808|3812|3813|3814|3983|4167|4169|4172|4173|4177|4178|4179|4181|4184|4185|4404|4405|4406|4407|4595|4597|4599|4602|4603|4605|4606|4610|4611|4613|4615|4616|4715|4873|4874|4875|4879|4880|4882|4884|4885|4886|4888|501|578|714|729|811|862|954|967|968
player_transfer,LCS Proving Grounds,development,PCS,minor_top_level,1,2023-02-03,2023-02-03,0,1,1,,2869
player_transfer,LCS Proving Grounds,development,Prime League,regional,2,2022-01-11,2022-05-31,0,2,2,,1494|4504
player_transfer,LCS Proving Grounds,development,SuperLiga,regional,1,2024-01-17,2024-01-17,0,1,1,,654
player_transfer,LCS Proving Grounds,development,TCL,regional,1,2023-01-26,2023-01-26,0,1,1,,1904
player_transfer,LEC,major,CBLOL,minor_top_level,5,2018-06-10,2024-01-20,0,5,5,,2085|2245|247|874|984
player_transfer,LEC,major,EBL,regional,1,2026-01-29,2026-01-29,0,1,1,,814
player_transfer,LEC,major,EU Challenger Series,development,24,2017-02-05,2017-07-09,0,23,22,,125|137|22|234|254|260|309|31|390|459|482|483|554|559|640|646|656|690|722|729|800|9|911
player_transfer,LEC,major,LCK,major,15,2016-05-28,2024-01-18,0,15,15,,105|111|247|2657|42|448|456|463|556|65|697|699|701|801|867
player_transfer,LEC,major,LCK CL,development,3,2024-01-16,2026-01-13,0,3,3,,15|2658|4236
player_transfer,LEC,major,LCL,minor_top_level,4,2017-01-28,2018-02-10,0,4,4,,16|18|20|594
player_transfer,LEC,major,LCP,minor_top_level,1,2025-01-18,2025-01-18,0,1,1,,4258
player_transfer,LEC,major,LCS,major,41,2014-05-23,2026-01-31,0,38,38,,1085|11|1308|137|14|1496|1501|1601|1639|227|2271|23|235|2420|26|27|281|282|294|3|305|371|372|373|374|463|481|554|555|598|67|730|732|795|809|872|873|968
player_transfer,LEC,major,LCS Proving Grounds,development,1,2021-09-04,2021-09-04,0,1,1,,256
player_transfer,LEC,major,LES,regional,4,2026-02-13,2026-05-07,0,3,3,,1500|2206|4348
player_transfer,LEC,major,LFL,regional,82,2019-01-22,2026-04-08,0,59,57,,1082|1087|11|1204|1208|1209|1218|1465|1468|1477|1495|15|156|1565|1591|1639|1815|1817|1829|2050|2061|2063|2130|233|2422|259|2678|2681|2685|2720|2884|3079|309|31|3194|3231|3489|374|3845|394|4001|4316|4348|4793|4873|4913|5256|554|582|5927|597|639|654|732|770|791|873|876|949
player_transfer,LEC,major,LFL Div2,development,4,2017-11-10,2017-11-10,0,4,4,,504|514|592|723
player_transfer,LEC,major,LIT,regional,2,2019-01-27,2021-01-13,0,2,2,,1477|557
player_transfer,LEC,major,LJL,minor_top_level,2,2020-02-08,2024-01-20,0,2,2,,637|969
player_transfer,LEC,major,LLA,minor_top_level,2,2018-06-16,2019-01-19,0,2,2,,696|909
player_transfer,LEC,major,LMS,minor_top_level,2,2016-04-17,2018-01-25,0,2,2,,426|491
player_transfer,LEC,major,LPL,major,1,2021-06-10,2021-06-10,0,1,1,,2588
player_transfer,LEC,major,LTA,major,2,2025-01-25,2025-07-26,0,2,2,,2046|3896
player_transfer,LEC,major,NA Academy,development,5,2018-01-19,2022-07-20,0,5,5,,2052|22|387|640|815
player_transfer,LEC,major,NA Challenger Series,development,4,2017-02-02,2017-06-08,0,4,3,,214|305|312|78
player_transfer,LEC,major,NACL,development,1,2023-01-29,2023-01-29,0,1,1,,2729
player_transfer,LEC,major,NLC,regional,18,2019-02-14,2025-07-23,0,18,14,,1209|125|1466|1660|2052|2185|2577|34|373|459|555|596|598|640|656|700|711|987
player_transfer,LEC,major,OPL,minor_top_level,1,2019-06-07,2019-06-07,0,1,1,,695
player_transfer,LEC,major,Prime League,regional,34,2020-01-21,2026-04-01,0,27,23,,1304|1343|1474|1476|1477|1495|1575|1618|1639|1817|1833|1857|2052|214|2255|233|2460|2850|2884|311|3493|387|482|657|722|791|936
player_transfer,LEC,major,Rift Legends,regional,2,2025-01-29,2025-02-26,0,2,2,,1800|33
player_transfer,LEC,major,Road of Legends,regional,1,2021-02-08,2021-02-08,0,1,1,,768
player_transfer,LEC,major,SuperLiga,regional,31,2018-01-28,2025-07-15,0,27,29,,1070|1086|125|1570|1579|1620|1948|2185|2206|2460|2704|298|300|301|3079|3422|3466|3845|4107|702|728|731|809|810|879|936|949
player_transfer,LEC,major,TCL,minor_top_level,11,2018-01-20,2022-01-22,0,11,11,,108|1084|1577|197|214|304|52|582|658|68|796
player_transfer,LEC,major,TCL,regional,6,2023-01-26,2026-04-09,0,6,6,,1638|2668|3441|3743|4008|683
player_transfer,LEC,major,Ultraliga,regional,16,2019-01-22,2023-05-29,0,13,11,,1113|1494|1501|1601|234|26|31|482|771|791|808|9|945
player_transfer,LES,regional,LEC,major,2,2026-04-19,2026-05-02,0,1,1,,4348
player_transfer,LES,regional,LIT,regional,1,2026-04-22,2026-04-22,0,1,1,,5428
player_transfer,LFL,regional,Arabian League,regional,9,2023-02-01,2026-04-10,0,9,9,,1465|1829|3079|3991|4546|5010|5533|5713|5797
player_transfer,LFL,regional,Baltic Masters,regional,1,2021-02-23,2021-02-23,0,1,1,,723
player_transfer,LFL,regional,CBLOL,minor_top_level,1,2024-01-20,2024-01-20,0,1,1,,2684
player_transfer,LFL,regional,EBL,regional,3,2021-01-25,2026-01-28,0,3,3,,1815|1831|2064
player_transfer,LFL,regional,HLL,regional,9,2021-02-01,2026-03-31,0,9,9,,1139|1942|2182|2499|3891|3921|4668|5053|5686
player_transfer,LFL,regional,Hitpoint Masters,regional,3,2023-01-27,2026-04-16,0,3,3,,3366|3999|5532
player_transfer,LFL,regional,LCL,minor_top_level,4,2020-02-22,2022-02-12,0,4,4,,2263|3216|597|899
player_transfer,LFL,regional,LCO,minor_top_level,1,2023-01-23,2023-01-23,0,1,1,,965
player_transfer,LFL,regional,LCS,major,3,2020-01-25,2023-01-26,0,3,3,,2684|2881|592
player_transfer,LFL,regional,LCS Proving Grounds,development,1,2022-08-03,2022-08-03,0,1,1,,654
player_transfer,LFL,regional,LEC,major,82,2019-03-01,2026-01-17,0,61,57,,1082|1204|1208|1209|1218|1468|1477|15|156|1565|1591|1620|1815|1817|1829|2050|2052|2061|2063|2130|2255|233|2422|259|260|2678|2685|2764|2884|3047|3194|3231|3248|3406|3449|3482|3489|3492|3493|3574|3706|374|3845|4001|4008|4188|4348|4411|4427|4439|4454|4455|4873|4900|4913|4946|582|732|770|791|949
player_transfer,LFL,regional,LES,regional,1,2026-02-13,2026-02-13,0,1,1,,4908
player_transfer,LFL,regional,LFL Div2,development,39,2021-06-14,2025-04-12,0,35,35,,1199|2048|2054|2055|2056|2058|2233|2352|2398|2425|2679|2680|2683|2772|2842|3205|3246|3248|3278|3457|3490|3491|3691|3721|374|3984|3994|4003|4004|4010|4091|4623|4668|639|892
player_transfer,LFL,regional,LIT,regional,7,2021-01-13,2023-01-26,0,7,7,,1475|1566|2119|3782|657|870|899
player_transfer,LFL,regional,LLA,minor_top_level,1,2024-06-18,2024-06-18,0,1,1,,2575
player_transfer,LFL,regional,LPLOL,regional,1,2026-02-12,2026-02-12,0,1,1,,1152
player_transfer,LFL,regional,LTA,major,2,2025-01-26,2025-01-26,0,2,2,,1639|3097
player_transfer,LFL,regional,NACL,development,1,2026-03-26,2026-03-26,0,1,1,,794
player_transfer,LFL,regional,NLC,regional,16,2021-06-02,2026-01-15,0,16,15,,1313|1314|1480|1568|234|2681|2942|3076|3193|3205|3507|3852|4670|5245|882|9
player_transfer,LFL,regional,Prime League,regional,38,2020-01-21,2026-04-01,0,37,37,,1082|1210|1213|1349|1468|1473|1474|1476|1490|156|1570|1583|1591|1602|1817|1829|2051|2055|2064|2135|2232|2426|2681|2720|2892|2942|31|3483|373|3989|4107|4387|4711|4901|5246|868|909
player_transfer,LFL,regional,Prime League Second Division,development,3,2023-01-09,2023-02-14,0,3,3,,1081|2297|557
player_transfer,LFL,regional,Rift Legends,regional,3,2025-01-28,2026-04-01,0,3,3,,2426|3903|949
player_transfer,LFL,regional,Road of Legends,regional,6,2021-01-11,2026-04-23,0,6,6,,1213|1587|3408|514|6700|6706
player_transfer,LFL,regional,SuperLiga,regional,31,2019-06-03,2025-01-14,0,29,31,,1216|1335|1495|1565|1566|1589|1618|1816|1820|1839|1849|2049|2059|2061|2062|2131|2586|2596|2681|2836|2850|3043|3492|3998|4008|4348|554|722|909
player_transfer,LFL,regional,SuperLiga Second Division,development,2,2022-05-31,2023-01-18,0,2,2,,1935|3216
player_transfer,LFL,regional,TCL,minor_top_level,3,2020-02-01,2022-01-22,0,2,3,,1642|2245
player_transfer,LFL,regional,TCL,regional,16,2023-01-26,2026-04-10,0,16,16,,1087|1208|1314|1579|1640|1819|2242|2649|3231|3236|3873|3995|4244|4623|4664|4723
player_transfer,LFL,regional,Ultraliga,regional,5,2020-08-16,2024-01-16,0,5,5,,1470|1815|1823|1946|2402
player_transfer,LFL Div2,development,Arabian League,regional,10,2023-02-01,2026-04-10,0,10,10,,1313|1958|2962|4546|4903|5570|5687|5929|6390|800
player_transfer,LFL Div2,development,EBL,regional,13,2023-01-25,2026-01-28,0,13,12,,2801|2842|2978|2981|3090|3193|3978|4068|4355|4621|4680|5014|5525
player_transfer,LFL Div2,development,HLL,regional,19,2023-01-24,2026-01-22,0,19,17,,2048|2064|2335|2392|3285|3290|3383|3507|3721|3782|3984|3991|4021|4315|4573|4843|4898|4907|5049
player_transfer,LFL Div2,development,Hitpoint Masters,regional,11,2022-06-06,2025-05-09,0,11,10,,2335|2457|2683|4099|4393|4623|4648|4906|4915|5464|639
player_transfer,LFL Div2,development,LCL,minor_top_level,1,2019-02-16,2019-02-16,0,1,1,,1212
player_transfer,LFL Div2,development,LEC,major,4,2018-01-19,2026-01-17,0,4,3,,1082|1218|5256|5927
player_transfer,LFL Div2,development,LFL,regional,78,2019-01-22,2026-02-18,0,72,37,,1199|1204|1206|1208|1215|1219|1222|1224|1470|1493|1566|2055|2182|2262|2297|2352|2679|2772|2842|2939|2942|3076|3081|3205|3216|3278|3289|3366|3406|3457|3483|3492|3706|374|3984|3986|3989|3994|3998|3999|4001|4003|4004|4005|4008|4009|4010|4091|4099|4337|4387|4388|4567|4623|4668|4670|4787|4900|4905|4908|4909|4912|4913|514|5702|5713|592|5933|6017|6500|6540|723
player_transfer,LFL Div2,development,LIT,regional,6,2024-01-25,2026-01-08,0,6,6,,2469|3027|4538|4675|5173|5824
player_transfer,LFL Div2,development,LJL,minor_top_level,1,2025-04-04,2025-04-04,0,1,1,,4381
player_transfer,LFL Div2,development,LPLOL,regional,7,2022-06-06,2025-02-12,0,7,7,,2056|2147|2996|3887|4006|4383|5686
player_transfer,LFL Div2,development,LTA,major,1,2025-09-20,2025-09-20,0,1,1,,5456
player_transfer,LFL Div2,development,NA Academy,development,1,2019-01-18,2019-01-18,0,1,1,,1081
player_transfer,LFL Div2,development,NACL,development,1,2025-07-17,2025-07-17,0,1,1,,4317
player_transfer,LFL Div2,development,NLC,regional,16,2022-01-10,2026-01-15,0,16,16,,125|1349|2182|2321|2961|2978|3165|3468|3502|4007|4402|4675|4950|5125|5243|5925
player_transfer,LFL Div2,development,OPL,minor_top_level,2,2018-01-21,2018-02-04,0,2,1,,1210|1213
player_transfer,LFL Div2,development,Prime League,regional,10,2021-10-03,2026-02-12,0,10,9,,1179|2103|3248|3874|3995|3996|4907|5048|5053|5749
player_transfer,LFL Div2,development,Prime League Second Division,development,6,2023-01-09,2024-05-28,0,6,5,,2048|2107|3490|4003|4390|884
player_transfer,LFL Div2,development,Rift Legends,regional,6,2025-01-29,2026-04-01,0,5,6,,1823|2424|5709|6083|892
player_transfer,LFL Div2,development,Road of Legends,regional,13,2021-07-12,2026-04-02,0,13,13,,1484|2058|3372|3504|3870|3950|3993|4092|4620|4772|4945|5131|5962
player_transfer,LFL Div2,development,SuperLiga,regional,11,2018-01-28,2025-07-15,0,11,11,,1203|1207|1209|1216|2703|2969|3269|3457|4006|5928|729
player_transfer,LFL Div2,development,SuperLiga Second Division,development,6,2022-05-31,2024-05-24,0,6,6,,3491|4004|4011|4386|4621|4901
player_transfer,LFL Div2,development,TCL,regional,6,2023-02-22,2026-04-09,0,6,6,,1344|2233|4727|5510|5972|6415
player_transfer,LFL Div2,development,Ultraliga,regional,4,2023-01-16,2024-01-17,0,4,4,,2406|4111|4389|5536
player_transfer,LIT,regional,Arabian League,regional,9,2023-06-13,2026-01-14,0,9,9,,1213|1946|2182|2845|4317|4538|4708|5012|5971
player_transfer,LIT,regional,Baltic Masters,regional,3,2021-01-26,2021-06-15,0,3,3,,2123|3951|427
player_transfer,LIT,regional,CBLOL,minor_top_level,1,2021-07-15,2021-07-15,0,1,1,,16
player_transfer,LIT,regional,CBLOL Academy,development,1,2022-06-13,2022-06-13,0,1,1,,3123
player_transfer,LIT,regional,EBL,regional,27,2021-01-25,2026-04-16,0,27,26,,1481|1830|2161|2272|2277|2336|2722|2838|2842|2843|2899|2929|2981|3279|3707|3833|3835|3853|4068|4399|4437|4680|4720|5464|5621|6446|906
player_transfer,LIT,regional,HLL,regional,16,2022-05-30,2026-04-22,0,16,16,,2059|2123|2251|2445|2780|2949|3050|3193|3270|4397|4401|4402|4563|5260|6342|6438
player_transfer,LIT,regional,Hitpoint Masters,regional,13,2019-03-17,2026-04-17,0,12,13,,1772|1871|1873|2098|2163|2465|2469|3081|3631|4629|4995|5546
player_transfer,LIT,regional,LCL,minor_top_level,4,2020-02-22,2021-08-07,0,4,4,,1153|2335|2384|2442
player_transfer,LIT,regional,LEC,major,1,2020-01-24,2020-01-24,0,1,1,,1833
player_transfer,LIT,regional,LFL,regional,14,2019-07-24,2026-01-22,0,14,14,,1210|1477|2119|2499|3449|3873|4439|4711|5246|5975|6441|870|882|899
player_transfer,LIT,regional,LFL Div2,development,16,2021-06-14,2025-07-20,0,16,15,,1470|2406|2942|2978|3027|3165|3193|3406|3950|4399|4538|4675|5014|5510|5972|666
player_transfer,LIT,regional,LPL,major,2,2019-07-14,2020-01-16,0,2,2,,2112|569
player_transfer,LIT,regional,LPLOL,regional,18,2020-11-16,2026-05-28,0,18,18,,2098|2117|2147|2148|2442|3026|3035|3862|3887|4368|4398|4530|5306|5548|5662|5976|5980|875
player_transfer,LIT,regional,NLC,regional,24,2021-01-19,2025-04-02,0,22,24,,1090|1149|1345|1571|1578|1597|1958|2102|2246|2294|2332|2733|2737|2739|2774|2967|3027|3500|4563|5173|5267|657
player_transfer,LIT,regional,Prime League,regional,18,2020-01-21,2026-02-12,0,18,18,,1149|1344|1566|1800|1826|1874|2059|2103|2107|2135|2339|2340|2845|2882|3408|3410|3871|5403
player_transfer,LIT,regional,Prime League Second Division,development,7,2023-01-09,2024-05-20,0,7,7,,2277|2734|3204|3358|3509|5039|5536
player_transfer,LIT,regional,REL,regional,1,2020-04-12,2020-04-12,0,1,1,,1614
player_transfer,LIT,regional,Rift Legends,regional,5,2025-01-28,2025-01-29,0,5,4,,1952|234|2404|3051|870
player_transfer,LIT,regional,Road of Legends,regional,12,2021-01-11,2026-04-09,0,12,11,,1475|1487|2105|2221|2312|2333|2736|3405|4723|5008|5102|5817
player_transfer,LIT,regional,SuperLiga,regional,19,2019-06-03,2025-01-14,0,18,18,,1338|1617|1750|1839|1845|1935|1948|2100|2116|2118|2119|2220|2341|3028|4021|4434|557|899
player_transfer,LIT,regional,SuperLiga Second Division,development,8,2022-05-31,2023-05-31,0,8,7,,1342|1488|1563|2131|2831|2834|3294|4728
player_transfer,LIT,regional,TCL,minor_top_level,1,2020-06-06,2020-06-06,0,1,1,,2340
player_transfer,LIT,regional,TCL,regional,13,2023-01-26,2026-04-09,0,13,13,,1156|1578|2908|3704|3782|4317|4411|4440|4819|5455|5559|5974|5984
player_transfer,LIT,regional,TCL Div2,development,1,2024-06-25,2024-06-25,0,1,1,,5765
player_transfer,LIT,regional,Ultraliga,regional,23,2020-01-28,2024-06-04,0,23,22,,1562|1800|1848|1937|1957|2016|2122|2123|2161|2436|2730|2731|2802|2835|3014|3051|3054|3290|3833|5195|5265|869|870
player_transfer,LJL,minor_top_level,Arabian League,regional,1,2024-02-08,2024-02-08,0,1,1,,355
player_transfer,LJL,minor_top_level,CBLOL,minor_top_level,2,2022-07-09,2023-06-10,0,2,2,,1382|574
player_transfer,LJL,minor_top_level,Hitpoint Masters,regional,1,2019-07-21,2019-07-21,0,1,1,,1705
player_transfer,LJL,minor_top_level,LCK,major,10,2018-12-28,2025-12-07,0,10,10,,1129|1147|1380|1698|1701|2127|2761|411|452|603
player_transfer,LJL,minor_top_level,LCO,minor_top_level,1,2022-01-24,2022-01-24,0,1,1,,1998
player_transfer,LJL,minor_top_level,LCP,minor_top_level,4,2025-01-18,2026-01-23,0,4,4,,3557|4132|4855|6395
player_transfer,LJL,minor_top_level,LEC,major,1,2023-01-21,2023-01-21,0,1,1,,969
player_transfer,LJL,minor_top_level,LFL,regional,1,2024-05-22,2024-05-22,0,1,1,,801
player_transfer,LJL,minor_top_level,LJL Academy,development,4,2021-08-30,2021-08-30,0,4,3,,2510|3065|3765|4120
player_transfer,LJL,minor_top_level,LLA,minor_top_level,5,2021-01-30,2023-08-08,0,5,5,,1374|1609|1710|2796|3427
player_transfer,LJL,minor_top_level,LPL,major,1,2019-12-22,2019-12-22,0,1,1,,2631
player_transfer,LJL,minor_top_level,OPL,minor_top_level,1,2019-06-07,2019-06-07,0,1,1,,1699
player_transfer,LJL,minor_top_level,PCS,minor_top_level,30,2024-03-11,2024-08-18,0,20,4,,1240|1374|2127|2194|2346|2387|2795|2919|3237|3238|3555|397|4141|4160|4161|4309|452|535|878|969
player_transfer,LJL,minor_top_level,Prime League,regional,1,2023-06-01,2023-06-01,0,1,1,,3083
player_transfer,LJL,minor_top_level,TCL,minor_top_level,2,2018-08-05,2022-01-22,0,2,2,,1384|641
player_transfer,LJL,minor_top_level,TCL,regional,3,2023-06-14,2025-01-23,0,3,3,,2653|3351|4523
player_transfer,LJL Academy,development,LJL,minor_top_level,29,2022-02-11,2026-02-22,0,29,23,,1068|2510|3065|3765|4120|4132|4134|4135|4136|4137|4138|4139|4141|4143|4144|4145|4147|4150|4151|4153|4154|4157|4160|4161|4162|4163|4165|4166|4524
player_transfer,LLA,minor_top_level,Arabian League,regional,2,2024-02-08,2025-02-14,0,2,2,,2575|4739
player_transfer,LLA,minor_top_level,CBLOL,minor_top_level,14,2018-06-10,2024-06-01,0,13,14,,1026|1094|1350|1510|1648|1652|1682|2085|2195|2894|3418|552|696
player_transfer,LLA,minor_top_level,CBLOL Academy,development,4,2022-01-25,2024-06-03,0,4,4,,1648|2786|4062|4110
player_transfer,LLA,minor_top_level,Circuito Desafiante,development,3,2020-02-03,2025-04-01,0,3,3,,1032|3123|586
player_transfer,LLA,minor_top_level,EBL,regional,1,2021-01-25,2021-01-25,0,1,1,,2262
player_transfer,LLA,minor_top_level,HLL,regional,1,2022-06-13,2022-06-13,0,1,1,,3644
player_transfer,LLA,minor_top_level,LCK,major,3,2019-06-26,2019-12-25,0,2,2,,1543|2508
player_transfer,LLA,minor_top_level,LCK CL,development,3,2020-02-06,2025-01-13,0,3,3,,1251|1543|3325
player_transfer,LLA,minor_top_level,LCP,minor_top_level,1,2025-01-18,2025-01-18,0,1,1,,2357
player_transfer,LLA,minor_top_level,LCS,major,3,2021-01-15,2023-01-26,0,3,3,,1364|1710|981
player_transfer,LLA,minor_top_level,LEC,major,2,2020-01-24,2025-01-18,0,2,2,,2085|4236
player_transfer,LLA,minor_top_level,LFL,regional,2,2019-01-22,2024-01-17,0,2,2,,3047|909
player_transfer,LLA,minor_top_level,LJL,minor_top_level,6,2020-02-08,2026-02-21,0,5,6,,1374|1609|2796|2919|3083
player_transfer,LLA,minor_top_level,LPLOL,regional,1,2021-02-15,2021-02-15,0,1,1,,1351
player_transfer,LLA,minor_top_level,LRN,development,23,2025-03-24,2026-04-13,0,23,21,,1512|1519|1530|1533|1534|1682|2039|2435|2806|2810|2876|2928|3113|3201|4063|4088|4586|4854|5263|5408|568|5903|748
player_transfer,LLA,minor_top_level,LRS,development,32,2025-03-23,2026-03-24,0,32,25,,1031|1032|1043|1352|1353|1365|1367|1531|1650|1652|1683|2417|2805|2809|3134|3416|3517|3641|3642|3644|4105|4492|4493|4570|4847|5009|5030|5287|5335|5611|5907|6228
player_transfer,LLA,minor_top_level,LTA,major,11,2025-01-25,2025-04-12,0,11,7,,1264|1364|2784|2807|3638|3639|3640|3914|5029|5409|747
player_transfer,LLA,minor_top_level,NA Academy,development,1,2022-06-08,2022-06-08,0,1,1,,1904
player_transfer,LLA,minor_top_level,NACL,development,9,2023-01-21,2025-03-27,0,9,9,,1522|1525|1677|2823|5031|5410|679|978|980
player_transfer,LLA,minor_top_level,NLC,regional,1,2022-01-10,2022-01-10,0,1,1,,683
player_transfer,LLA,minor_top_level,PCS,minor_top_level,1,2022-07-15,2022-07-15,0,1,1,,1686
player_transfer,LLA,minor_top_level,Prime League,regional,1,2020-06-09,2020-06-09,0,1,1,,884
player_transfer,LLA,minor_top_level,SuperLiga,regional,1,2019-02-11,2019-02-11,0,1,1,,1042
player_transfer,LLA,minor_top_level,TCL,minor_top_level,5,2021-01-23,2022-01-22,0,5,5,,1084|1251|1631|2812|508
player_transfer,LLA,minor_top_level,TCL,regional,3,2023-01-26,2024-01-25,0,3,3,,1548|3097|3356
player_transfer,LLA,minor_top_level,VCS,minor_top_level,1,2021-02-26,2021-02-26,0,1,1,,3095
player_transfer,LMS,minor_top_level,CBLOL,minor_top_level,1,2019-01-12,2019-01-12,0,1,1,,991
player_transfer,LMS,minor_top_level,Circuito Desafiante,development,2,2020-02-03,2020-02-03,0,2,2,,1230|1686
player_transfer,LMS,minor_top_level,HLL,regional,1,2024-07-03,2024-07-03,0,1,1,,287
player_transfer,LMS,minor_top_level,LCK,major,5,2016-01-13,2019-03-29,0,5,5,,1077|1543|364|517|521
player_transfer,LMS,minor_top_level,LCK CL,development,1,2020-02-21,2020-02-21,0,1,1,,1332
player_transfer,LMS,minor_top_level,LCS,major,1,2017-01-21,2017-01-21,0,1,1,,232
player_transfer,LMS,minor_top_level,LEC,major,1,2015-09-05,2015-09-05,0,1,1,,426
player_transfer,LMS,minor_top_level,LJL,minor_top_level,4,2019-01-19,2021-01-23,0,4,4,,1655|1710|2631|641
player_transfer,LMS,minor_top_level,LPL,major,10,2018-01-15,2021-12-20,0,10,8,,1420|2002|2082|286|288|404|426|677|931|988
player_transfer,LMS,minor_top_level,LST,minor_top_level,1,2019-07-21,2019-07-21,0,1,1,,986
player_transfer,LMS,minor_top_level,NA Academy,development,1,2020-01-25,2020-01-25,0,1,1,,758
player_transfer,LMS,minor_top_level,OPL,minor_top_level,1,2019-06-07,2019-06-07,0,1,1,,697
player_transfer,LMS,minor_top_level,PCS,minor_top_level,37,2020-02-29,2024-01-20,0,37,26,,1006|1172|1321|1322|1323|1324|1325|1330|1654|1711|1804|1972|2000|2008|2080|2081|2216|2523|2524|364|425|445|446|674|915|916|918|919|920|922|929|939|950|988|990|993|994
player_transfer,LMS,minor_top_level,TCL,minor_top_level,2,2018-06-16,2019-06-08,0,2,2,,1657|491
player_transfer,LPL,major,CBLOL,minor_top_level,1,2020-02-09,2020-02-09,0,1,1,,2028
player_transfer,LPL,major,EU Challenger Series,development,1,2017-02-05,2017-02-05,0,1,1,,387
player_transfer,LPL,major,LCK,major,45,2016-01-16,2025-12-07,0,44,44,,102|1228|1229|1235|1249|1328|1504|1548|1718|1906|2346|2360|2508|2545|2629|2645|2906|3047|3242|3319|3326|3327|3424|343|355|392|406|411|4247|44|4796|508|574|610|63|681|685|725|73|821|83|85|96|982
player_transfer,LPL,major,LCK CL,development,5,2020-02-06,2026-01-12,0,5,5,,1539|2575|399|4214|4251
player_transfer,LPL,major,LCO,minor_top_level,1,2023-02-06,2023-02-06,0,1,1,,5089
player_transfer,LPL,major,LCP,minor_top_level,4,2025-01-17,2026-01-17,0,4,4,,2588|3737|5421|677
player_transfer,LPL,major,LCS,major,9,2015-06-28,2024-01-20,0,9,9,,1260|1264|1613|286|288|336|4089|508|81
player_transfer,LPL,major,LEC,major,3,2016-01-14,2023-01-21,0,3,3,,108|3562|42
player_transfer,LPL,major,LIT,regional,1,2020-01-22,2020-01-22,0,1,1,,2112
player_transfer,LPL,major,LJL,minor_top_level,1,2023-01-28,2023-01-28,0,1,1,,575
player_transfer,LPL,major,LLA,minor_top_level,2,2019-06-29,2022-02-04,0,2,2,,2085|679
player_transfer,LPL,major,LMS,minor_top_level,8,2015-07-24,2019-07-28,0,8,8,,1064|1803|1811|364|426|641|819|988
player_transfer,LPL,major,LST,minor_top_level,1,2019-07-20,2019-07-20,0,1,1,,378
player_transfer,LPL,major,LTA,major,1,2025-01-26,2025-01-26,0,1,1,,4119
player_transfer,LPL,major,NA Challenger Series,development,2,2017-06-08,2017-06-08,0,2,2,,1012|82
player_transfer,LPL,major,OPL,minor_top_level,1,2019-08-16,2019-08-16,0,1,1,,2546
player_transfer,LPL,major,PCS,minor_top_level,22,2020-02-29,2026-04-28,0,21,22,,1235|1325|1420|2000|2023|2271|2607|2630|2631|2634|286|288|2907|3329|359|404|4299|4810|500|5178|931
player_transfer,LPL,major,TCL,minor_top_level,4,2018-01-20,2022-06-11,0,4,4,,1548|393|569|88
player_transfer,LPL,major,TCL,regional,1,2023-01-26,2023-01-26,0,1,1,,1247
player_transfer,LPL,major,VCS,minor_top_level,4,2018-07-19,2024-04-03,0,4,4,,1233|161|710|974
player_transfer,LPLOL,regional,Arabian League,regional,5,2025-02-14,2026-04-10,0,5,5,,1736|3084|4994|6334|6846
player_transfer,LPLOL,regional,CBLOL,minor_top_level,3,2019-01-12,2021-01-16,0,3,2,,1733|1734|1914
player_transfer,LPLOL,regional,EBL,regional,15,2021-01-25,2026-05-07,0,15,14,,1614|2726|2835|3881|3887|4357|4360|4658|4929|5147|5543|6099|6115|6604|6845
player_transfer,LPLOL,regional,HLL,regional,26,2021-01-18,2026-04-02,0,24,23,,2148|2783|3084|3085|3090|3284|3366|3598|3784|3867|3878|3887|4360|4363|522|5539|5549|5560|5561|5955|5968|6072|6531|6562
player_transfer,LPLOL,regional,Hitpoint Masters,regional,16,2019-02-17,2026-01-23,0,16,13,,1772|2178|2393|2969|3222|3259|3637|3745|3779|4368|4680|5549|5559|5719|5737|5866
player_transfer,LPLOL,regional,LCL,minor_top_level,2,2020-08-01,2021-06-26,0,2,2,,2956|3087
player_transfer,LPLOL,regional,LES,regional,1,2026-02-13,2026-02-13,0,1,1,,4821
player_transfer,LPLOL,regional,LFL,regional,3,2025-04-09,2026-01-22,0,3,3,,5099|5539|5686
player_transfer,LPLOL,regional,LFL Div2,development,4,2021-06-14,2022-07-08,0,4,4,,2147|2703|3278|3887
player_transfer,LPLOL,regional,LIT,regional,13,2021-01-13,2026-04-01,0,13,12,,1351|1750|2098|2147|2774|2978|3009|4068|4398|5662|5721|5817|6590
player_transfer,LPLOL,regional,NLC,regional,14,2021-01-20,2026-02-19,0,14,14,,1760|2182|3026|3294|4006|4706|5718|5735|5836|5988|6095|6113|6609|832
player_transfer,LPLOL,regional,Prime League,regional,2,2023-06-01,2026-02-12,0,2,2,,5048|5471
player_transfer,LPLOL,regional,Prime League Second Division,development,4,2023-01-09,2024-01-16,0,4,4,,3978|4070|4389|5049
player_transfer,LPLOL,regional,REL,regional,1,2020-04-12,2020-04-12,0,1,1,,111
player_transfer,LPLOL,regional,Rift Legends,regional,1,2026-02-14,2026-02-14,0,1,1,,6250
player_transfer,LPLOL,regional,Road of Legends,regional,15,2021-01-11,2026-04-30,0,15,15,,1822|2940|2996|3663|3889|4042|4096|4708|5185|5213|5545|5548|5559|5959|6589
player_transfer,LPLOL,regional,SuperLiga,regional,10,2019-01-30,2023-01-16,0,10,9,,1070|1733|1738|1740|1742|1747|1749|2150|2378|2394
player_transfer,LPLOL,regional,SuperLiga Second Division,development,8,2022-05-31,2024-05-24,0,8,8,,1741|2179|2794|3093|3600|3882|4367|5114
player_transfer,LPLOL,regional,TCL,minor_top_level,3,2018-08-11,2021-07-10,0,3,3,,1335|2117|2696
player_transfer,LPLOL,regional,TCL,regional,7,2025-07-24,2026-04-10,0,7,7,,2872|3553|3745|4431|4437|5718|6843
player_transfer,LPLOL,regional,Turkey Academy,development,1,2022-01-20,2022-01-20,0,1,1,,4069
player_transfer,LPLOL,regional,Ultraliga,regional,7,2021-01-19,2024-06-04,0,7,7,,1760|2147|2148|3285|3587|3891|5192
player_transfer,LRN,development,CBLOL,minor_top_level,4,2026-01-17,2026-03-29,0,4,3,,2807|6182|6183|6184
player_transfer,LRN,development,LCK,major,1,2026-01-17,2026-01-17,0,1,1,,717
player_transfer,LRN,development,LRS,development,5,2025-04-08,2026-04-07,0,5,5,,5009|5409|6181|6185|6340
player_transfer,LRN,development,LTA,major,3,2025-07-26,2025-07-27,0,3,3,,1533|2039|5263
player_transfer,LRN,development,NACL,development,5,2025-07-17,2026-03-27,0,5,3,,1677|4179|4182|6225|6241
player_transfer,LRS,development,CBLOL,minor_top_level,1,2026-01-17,2026-01-17,0,1,1,,3517
player_transfer,LRS,development,Circuito Desafiante,development,1,2025-05-12,2025-05-12,0,1,1,,5009
player_transfer,LRS,development,LRN,development,4,2025-03-31,2026-04-06,0,4,4,,4105|5009|6181|6340
player_transfer,LRS,development,Prime League,regional,1,2026-04-27,2026-04-27,0,1,1,,1650
player_transfer,LST,minor_top_level,LCK,major,2,2019-08-11,2019-12-23,0,2,2,,1613|42
player_transfer,LST,minor_top_level,LIT,regional,1,2026-04-03,2026-04-03,0,1,1,,1889
player_transfer,LST,minor_top_level,LPL,major,1,2019-12-22,2019-12-22,0,1,1,,2568
player_transfer,LST,minor_top_level,PCS,minor_top_level,17,2020-02-29,2023-02-03,0,17,11,,1130|1131|1611|1690|1691|1875|1876|1877|2282|2286|2287|2549|2557|2560|2561|262|432
player_transfer,LST,minor_top_level,SuperLiga,regional,1,2019-01-30,2019-01-30,0,1,1,,1826
player_transfer,LTA,major,CBLOL,minor_top_level,28,2026-01-17,2026-03-29,0,28,13,,1011|1623|1915|201|2039|2225|2241|2329|2379|2672|2709|3097|3116|3210|3527|3638|3640|3914|4758|4776|4976|5009|5270|5274|5596|5601|5784|845
player_transfer,LTA,major,Circuito Desafiante,development,15,2025-03-17,2026-03-30,0,13,11,,2349|2959|3115|3528|3751|3764|3774|3909|3910|4485|4765|5263|5274
player_transfer,LTA,major,LCK,major,10,2025-12-06,2026-01-14,0,10,6,,1301|1364|1634|257|3434|3436|3537|3808|4246|481
player_transfer,LTA,major,LCK CL,development,1,2025-07-21,2025-07-21,0,1,1,,4119
player_transfer,LTA,major,LCP,minor_top_level,1,2026-01-17,2026-01-17,0,1,1,,2784
player_transfer,LTA,major,LCS,major,23,2026-01-24,2026-05-09,0,23,15,,1135|1138|1282|1501|2085|2358|2359|2648|3328|3743|3801|3814|3896|4175|46|4612|4885|5029|5123|5456|579|733|999
player_transfer,LTA,major,LEC,major,3,2025-08-03,2026-01-17,0,3,3,,1639|2046|4500
player_transfer,LTA,major,LFL,regional,1,2026-01-21,2026-01-21,0,1,1,,2653
player_transfer,LTA,major,LPL,major,1,2026-01-15,2026-01-15,0,1,1,,2644
player_transfer,LTA,major,LRN,development,6,2025-07-13,2026-03-02,0,6,6,,1264|2807|3639|4504|5409|747
player_transfer,LTA,major,NACL,development,5,2025-03-26,2026-03-27,0,5,5,,4404|4595|4616|5272|854
player_transfer,LTA,major,NLC,regional,1,2026-01-29,2026-01-29,0,1,1,,4861
player_transfer,NA Academy,development,CBLOL,minor_top_level,1,2018-06-10,2018-06-10,0,1,1,,560
player_transfer,NA Academy,development,LCK,major,1,2019-12-26,2019-12-26,0,1,1,,1333
player_transfer,NA Academy,development,LCO,minor_top_level,2,2022-01-24,2024-01-15,0,2,2,,2236|2356
player_transfer,NA Academy,development,LCS,major,255,2018-01-21,2022-08-06,0,125,73,,100|1013|1018|1069|107|1074|1081|1084|110|1123|1135|1137|1138|1164|1254|127|1281|1282|1287|1288|129|1291|1292|1293|1294|1297|130|1301|1326|1364|138|1389|139|1496|150|1632|1633|1634|1785|1792|1816|1904|1974|1975|1976|1977|1978|1979|1980|1981|1987|1994|1999|2052|232|2359|2431|2432|269|27|3059|3060|3063|3099|313|314|315|316|3184|325|330|331|3413|3414|3536|3537|3543|3545|371|379|384|387|3876|3956|4089|4098|4175|4179|4182|447|448|451|4610|481|49|501|502|512|560|563|578|579|580|583|613|628|634|644|645|67|706|729|733|758|794|811|815|852|853|854|855|857|862|864|954
player_transfer,NA Academy,development,LCS Proving Grounds,development,212,2021-03-31,2022-08-05,0,116,42,,1018|1069|110|1120|1135|1137|1281|1284|1287|1290|1291|1292|1293|1326|1388|1389|139|1494|1544|1632|1633|1635|1672|1792|1904|1974|1975|1978|1979|1980|1981|1984|1987|1992|1994|1999|2236|2242|2356|2358|2432|256|2705|2708|2760|2869|3059|3060|3062|3063|3099|3184|3185|323|3413|3414|3415|3534|3535|3536|3537|3538|3539|3541|3542|3543|3544|3545|3776|3799|3800|3801|3813|3814|384|387|3876|3956|3983|4098|4175|4177|4178|4179|4182|4184|4404|4405|4406|4407|4408|4500|4501|4503|4510|4605|4714|4715|4716|490|501|578|613|714|719|729|733|794|811|859|954|955|965|967|968|981
player_transfer,NA Academy,development,LEC,major,1,2021-01-22,2021-01-22,0,1,1,,1496
player_transfer,NA Academy,development,LFL,regional,1,2021-01-19,2021-01-19,0,1,1,,592
player_transfer,NA Academy,development,LLA,minor_top_level,1,2021-01-30,2021-01-30,0,1,1,,1286
player_transfer,NA Academy,development,LPL,major,1,2019-01-19,2019-01-19,0,1,1,,974
player_transfer,NA Academy,development,NACL,development,7,2023-01-23,2025-03-27,0,7,7,,1137|1164|3185|3876|4409|857|858
player_transfer,NA Academy,development,Prime League,regional,3,2020-01-21,2025-01-29,0,3,3,,1081|14|2707
player_transfer,NA Academy,development,SuperLiga,regional,1,2018-06-06,2018-06-06,0,1,1,,875
player_transfer,NA Academy,development,TCL,minor_top_level,2,2020-03-14,2021-01-23,0,2,2,,1816|2914
player_transfer,NA Academy,development,TCL,regional,1,2023-01-26,2023-01-26,0,1,1,,758
player_transfer,NA Academy,development,Ultraliga,regional,1,2019-06-18,2019-06-18,0,1,1,,640
player_transfer,NA Challenger Series,development,CBLOL,minor_top_level,2,2018-01-20,2019-06-09,0,2,2,,1012|863
player_transfer,NA Challenger Series,development,CBLOL Academy,development,1,2022-06-13,2022-06-13,0,1,1,,229
player_transfer,NA Challenger Series,development,LCL,minor_top_level,1,2018-07-29,2018-07-29,0,1,1,,1164
player_transfer,NA Challenger Series,development,LCS,major,26,2017-04-01,2017-08-11,0,20,6,,1014|1069|214|227|312|313|379|490|587|634|714|78|82|852|853|854|855|857|864|90
player_transfer,NA Challenger Series,development,LCS Proving Grounds,development,1,2022-03-21,2022-03-21,0,1,1,,860
player_transfer,NA Challenger Series,development,LEC,major,1,2018-02-09,2018-02-09,0,1,1,,640
player_transfer,NA Challenger Series,development,NA Academy,development,10,2018-01-19,2019-05-31,0,10,7,,1013|1015|1017|1018|1291|319|561|858|859|862
player_transfer,NA Challenger Series,development,SuperLiga,regional,1,2018-05-31,2018-05-31,0,1,1,,851
player_transfer,NA Challenger Series,development,TCL,minor_top_level,1,2018-06-16,2018-06-16,0,1,1,,305
player_transfer,NACL,development,CBLOL,minor_top_level,1,2024-01-20,2024-01-20,0,1,1,,2357
player_transfer,NACL,development,Circuito Desafiante,development,4,2025-03-17,2025-03-18,0,4,3,,2877|3513|3915|5773
player_transfer,NACL,development,LCO,minor_top_level,6,2023-06-05,2024-07-08,0,6,5,,1137|1992|2515|3776|967|968
player_transfer,NACL,development,LCS,major,36,2023-01-26,2026-02-07,0,31,23,,1069|1137|1288|139|1633|1975|1976|2013|2648|2705|2729|2742|3060|3063|323|3799|3808|3813|4175|4181|4405|4504|4616|4715|4885|4965|5438|5564|5905|6344|854
player_transfer,NACL,development,LFL,regional,1,2025-04-09,2025-04-09,0,1,1,,4873
player_transfer,NACL,development,LFL Div2,development,1,2024-02-26,2024-02-26,0,1,1,,729
player_transfer,NACL,development,LPLOL,regional,1,2026-04-29,2026-04-29,0,1,1,,3812
player_transfer,NACL,development,LRN,development,9,2025-03-24,2026-03-09,0,9,7,,1522|1525|1677|4179|4182|5031|5410|5887|6225
player_transfer,NACL,development,LRS,development,3,2025-03-23,2025-09-09,0,3,3,,2823|5916|5917
player_transfer,NACL,development,LTA,major,16,2025-01-25,2025-08-24,0,16,12,,2786|3436|3751|3801|3814|3910|4175|4404|4504|4595|4715|4758|4776|4960|5272|5596
player_transfer,NACL,development,NLC,regional,1,2026-01-15,2026-01-15,0,1,1,,330
player_transfer,NACL,development,Prime League,regional,2,2024-01-17,2026-02-11,0,2,2,,2881|4597
player_transfer,NACL,development,TCL,regional,2,2024-01-25,2025-02-05,0,2,2,,1254|1719
player_transfer,NACL,development,VCS,minor_top_level,1,2024-06-23,2024-06-23,0,1,1,,1981
player_transfer,NLC,regional,Arabian League,regional,18,2023-02-01,2026-04-10,0,18,17,,1313|1349|1578|2246|3160|3852|3903|3950|4314|4652|4670|5050|5060|5193|5415|5529|5621|6474
player_transfer,NLC,regional,EBL,regional,16,2021-06-14,2026-05-07,0,16,16,,1207|1696|2256|2845|2981|3001|3222|3502|4007|4313|4979|5288|5339|5526|5717|5732
player_transfer,NLC,regional,HLL,regional,21,2021-10-18,2026-04-02,0,20,19,,125|1487|1742|1819|1843|2305|2311|3509|3548|4047|4188|4637|5098|5195|5434|5531|5836|5968|6028|9
player_transfer,NLC,regional,Hitpoint Masters,regional,15,2021-06-17,2026-01-23,0,14,15,,1660|1958|2273|2681|2882|3477|3506|3901|4028|4051|5002|5130|5522|884
player_transfer,NLC,regional,LCK,major,1,2026-04-01,2026-04-01,0,1,1,,4861
player_transfer,NLC,regional,LCL,minor_top_level,1,2019-07-20,2019-07-20,0,1,1,,1476
player_transfer,NLC,regional,LEC,major,16,2019-03-08,2026-01-17,0,16,9,,1078|1209|125|1466|1494|15|2052|2668|2720|2838|3079|4107|459|5947|596|683
player_transfer,NLC,regional,LES,regional,1,2026-02-13,2026-02-13,0,1,1,,2118
player_transfer,NLC,regional,LFL,regional,20,2019-05-21,2026-04-08,0,20,19,,1314|1480|1568|1591|2577|3482|3507|373|3891|4068|4188|4981|5245|5528|5530|5797|5803|5957|646|6711
player_transfer,NLC,regional,LFL Div2,development,17,2022-01-17,2025-08-09,0,17,16,,125|1958|2107|2182|2297|2321|2961|2978|3081|3504|3870|4696|4843|5243|5525|5570|6017
player_transfer,NLC,regional,LIT,regional,26,2021-01-13,2026-01-08,0,26,25,,1149|1487|1578|1597|1599|2102|2246|2294|2312|234|2442|2739|2967|3027|3193|3294|3449|3500|3875|4317|4563|5403|5805|5956|666|899
player_transfer,NLC,regional,LJL,minor_top_level,1,2026-02-21,2026-02-21,0,1,1,,5798
player_transfer,NLC,regional,LPLOL,regional,12,2021-06-07,2026-04-29,0,11,10,,1487|1760|3505|4706|4740|5173|5718|5954|5955|5959|6095
player_transfer,NLC,regional,NACL,development,2,2023-01-21,2026-03-26,0,2,2,,2703|2742
player_transfer,NLC,regional,Prime League,regional,18,2020-06-09,2026-02-12,0,17,14,,1333|1399|1476|1583|2246|227|233|2428|2942|3229|3468|3507|4316|4950|5474|554|597
player_transfer,NLC,regional,Prime League Second Division,development,5,2023-01-09,2024-02-26,0,5,5,,1568|2424|3868|459|5099
player_transfer,NLC,regional,Rift Legends,regional,7,2026-02-14,2026-04-01,0,7,4,,2148|3054|3477|4860|5224|5735|6113
player_transfer,NLC,regional,Road of Legends,regional,25,2021-05-31,2026-03-31,0,24,24,,1480|1596|2312|2320|2585|2951|2964|3028|3165|3228|3371|3508|3533|3874|5003|5219|5234|5235|5242|5527|5623|5925|5949|796
player_transfer,NLC,regional,SuperLiga,regional,32,2019-06-03,2025-08-30,0,30,30,,1070|1086|1493|1496|1600|1816|1828|1846|2135|2404|2739|2961|3000|3050|3501|3502|3591|3871|4008|4328|4563|4637|4671|4982|5243|5246|5833|5948|851|987
player_transfer,NLC,regional,SuperLiga Second Division,development,11,2022-05-31,2024-05-24,0,11,10,,1345|2521|2978|3205|3508|3708|3872|4315|4951|5307|657
player_transfer,NLC,regional,TCL,minor_top_level,4,2020-02-02,2022-01-22,0,4,4,,1598|1910|2314|666
player_transfer,NLC,regional,TCL,regional,9,2023-01-26,2026-04-10,0,9,9,,1333|2392|2586|3410|4671|5455|6256|651|832
player_transfer,NLC,regional,Ultraliga,regional,11,2019-06-18,2024-01-16,0,10,11,,1088|1844|2310|2311|2801|2851|3477|3873|4575|4860
player_transfer,OPL,minor_top_level,CBLOL,minor_top_level,1,2021-06-05,2021-06-05,0,1,1,,2746
player_transfer,OPL,minor_top_level,LCK,major,1,2020-12-22,2020-12-22,0,1,1,,2357
player_transfer,OPL,minor_top_level,LCK CL,development,1,2021-06-07,2021-06-07,0,1,1,,2761
player_transfer,OPL,minor_top_level,LCO,minor_top_level,34,2021-02-23,2024-01-23,0,34,26,,1122|1124|1390|1391|1392|1395|1397|1398|1402|1404|1406|1411|1412|1622|1637|1672|1991|1996|2515|2531|2546|2741|2743|2744|2745|2750|2751|2803|2829|2830|3037|3167|528|964
player_transfer,OPL,minor_top_level,LCS,major,3,2020-01-25,2021-02-05,0,3,3,,1137|743|965
player_transfer,OPL,minor_top_level,LCS Proving Grounds,development,2,2021-04-02,2022-03-16,0,2,2,,1787|1997
player_transfer,OPL,minor_top_level,LEC,major,1,2020-01-24,2020-01-24,0,1,1,,968
player_transfer,OPL,minor_top_level,LFL,regional,2,2019-01-22,2021-01-19,0,2,2,,1139|1213
player_transfer,OPL,minor_top_level,LIT,regional,2,2019-06-02,2021-06-01,0,2,2,,1210|2384
player_transfer,OPL,minor_top_level,LJL,minor_top_level,1,2020-02-08,2020-02-08,0,1,1,,1998
player_transfer,OPL,minor_top_level,NA Academy,development,14,2019-06-21,2022-06-08,0,14,11,,1120|1138|1388|1389|1407|1992|1994|1999|2236|2356|2358|2359|379|967
player_transfer,OPL,minor_top_level,Prime League,regional,1,2021-06-01,2021-06-01,0,1,1,,1399
player_transfer,OPL,minor_top_level,TCL,minor_top_level,2,2019-06-08,2021-06-12,0,2,2,,1995|2742
player_transfer,OPL,minor_top_level,VCS,minor_top_level,1,2018-08-04,2018-08-04,0,1,1,,1213
player_transfer,PCS,minor_top_level,Arabian League,regional,1,2023-06-13,2023-06-13,0,1,1,,3234
player_transfer,PCS,minor_top_level,CBLOL,minor_top_level,1,2021-01-30,2021-01-30,0,1,1,,570
player_transfer,PCS,minor_top_level,LCK,major,8,2021-12-10,2025-12-06,0,8,5,,2658|2665|286|2862|2863|3728|404|931
player_transfer,PCS,minor_top_level,LCK CL,development,4,2023-01-17,2026-01-12,0,4,4,,2919|3296|4221|6506
player_transfer,PCS,minor_top_level,LCO,minor_top_level,28,2023-02-06,2024-05-28,0,19,10,,1137|1388|1622|1996|2236|2515|2750|3751|3776|3778|4221|4462|4468|4514|4856|528|743|965|967
player_transfer,PCS,minor_top_level,LCP,minor_top_level,26,2025-01-17,2026-01-17,0,25,15,,1006|1172|1374|1420|1622|1672|2387|2524|2795|2869|2907|2960|3237|4084|4160|4468|4516|452|4584|5079|5083|5904|6051|6053|969
player_transfer,PCS,minor_top_level,LCS,major,2,2022-01-21,2023-02-02,0,2,2,,1235|2631
player_transfer,PCS,minor_top_level,LCS Proving Grounds,development,1,2021-04-01,2021-04-01,0,1,1,,3099
player_transfer,PCS,minor_top_level,LFL Div2,development,1,2025-05-10,2025-05-10,0,1,1,,988
player_transfer,PCS,minor_top_level,LJL,minor_top_level,19,2024-06-07,2026-04-30,0,18,7,,1240|2081|2127|2194|2387|2795|3237|3238|3555|397|4141|4160|4161|4309|452|535|878|969
player_transfer,PCS,minor_top_level,LPL,major,11,2020-12-21,2025-01-15,0,11,9,,1325|1420|2000|286|3737|4103|446|4810|5084|5421|929
player_transfer,PCS,minor_top_level,NA Academy,development,1,2022-01-20,2022-01-20,0,1,1,,2869
player_transfer,PCS,minor_top_level,Prime League,regional,3,2021-06-01,2025-07-16,0,3,3,,1826|1996|2271
player_transfer,PCS,minor_top_level,SuperLiga,regional,1,2025-07-15,2025-07-15,0,1,1,,2236
player_transfer,PCS,minor_top_level,TCL,minor_top_level,2,2021-01-23,2022-01-22,0,2,2,,1147|2282
player_transfer,PCS,minor_top_level,TCL,regional,1,2025-03-27,2025-03-27,0,1,1,,1235
player_transfer,Prime League,regional,Arabian League,regional,6,2023-02-01,2026-04-10,0,5,6,,1404|1846|459|4901|597
player_transfer,Prime League,regional,CBLOL,minor_top_level,2,2021-01-16,2024-01-20,0,2,2,,1602|2263
player_transfer,Prime League,regional,EBL,regional,6,2021-01-25,2026-02-12,0,6,6,,1575|1874|2059|2882|3591|5536
player_transfer,Prime League,regional,HLL,regional,5,2021-01-18,2026-04-02,0,5,5,,2059|3453|3587|4670|4994
player_transfer,Prime League,regional,Hitpoint Masters,regional,4,2022-01-17,2025-07-19,0,4,4,,1826|4367|4650|5053
player_transfer,Prime League,regional,LCL,minor_top_level,1,2021-02-13,2021-02-13,0,1,1,,2362
player_transfer,Prime League,regional,LCS,major,3,2022-02-05,2024-01-20,0,3,3,,3241|4504|909
player_transfer,Prime League,regional,LEC,major,30,2020-02-07,2023-06-17,0,23,16,,1082|1343|1474|1476|1495|1575|1857|2052|214|2271|2460|2577|2681|2729|2850|2884|2887|3422|3486|387|482|657|936
player_transfer,Prime League,regional,LFL,regional,39,2021-01-19,2026-01-22,0,38,34,,1081|1213|1349|1474|1476|1477|156|1583|1618|1620|1817|1829|1839|1849|2055|2064|2232|2255|2402|2764|2879|2881|2892|2942|3248|3408|373|3852|3995|4107|4216|4664|5053|5102|6476|657|722|949
player_transfer,Prime League,regional,LFL Div2,development,13,2022-01-17,2025-01-11,0,12,12,,1344|1349|1566|2103|2424|3343|3366|3468|3483|3507|4685|884
player_transfer,Prime League,regional,LIT,regional,6,2021-03-01,2024-05-23,0,6,6,,1952|2059|2845|2882|3204|5102
player_transfer,Prime League,regional,LPLOL,regional,2,2025-02-14,2025-04-17,0,2,2,,4389|4929
player_transfer,Prime League,regional,NACL,development,1,2025-07-17,2025-07-17,0,1,1,,2707
player_transfer,Prime League,regional,NLC,regional,19,2021-01-19,2026-01-15,0,19,18,,1207|1333|1399|1476|1591|2107|2135|2246|233|2428|3079|3410|3482|3874|4328|4333|4638|5415|879
player_transfer,Prime League,regional,PCS,minor_top_level,1,2021-03-12,2021-03-12,0,1,1,,1826
player_transfer,Prime League,regional,Prime League Second Division,development,13,2023-01-09,2024-04-04,0,13,13,,1112|2587|2892|311|3479|3481|4330|4331|5048|5117|5348|554|893
player_transfer,Prime League,regional,Rift Legends,regional,4,2025-01-28,2026-04-22,0,4,4,,1468|31|4907|9
player_transfer,Prime League,regional,Road of Legends,regional,4,2022-06-06,2026-01-13,0,4,4,,1149|3229|3383|3484
player_transfer,Prime League,regional,SuperLiga,regional,31,2021-01-18,2025-07-15,0,31,30,,1179|1343|1344|1399|1473|1570|1599|1600|1800|1849|1949|2255|2404|2426|2428|2850|3077|3480|3481|3587|3705|3852|3903|3996|4316|4326|5193|5750|800|868|875
player_transfer,Prime League,regional,SuperLiga Second Division,development,3,2023-01-18,2023-02-01,0,3,3,,2362|3226|4334
player_transfer,Prime League,regional,TCL,minor_top_level,1,2020-06-06,2020-06-06,0,1,1,,2890
player_transfer,Prime League,regional,TCL,regional,8,2023-01-26,2026-04-10,0,8,8,,1082|1152|2434|3046|3443|4021|5246|791
player_transfer,Prime League,regional,Ultraliga,regional,8,2020-06-09,2024-01-16,0,8,7,,1474|1494|2046|2587|2885|3289|3343|4332
player_transfer,Prime League Second Division,development,Arabian League,regional,5,2023-06-13,2024-05-23,0,5,5,,3591|4657|5048|5049|5101
player_transfer,Prime League Second Division,development,EBL,regional,3,2023-06-07,2024-05-23,0,3,3,,3978|5099|5474
player_transfer,Prime League Second Division,development,HLL,regional,8,2023-06-05,2025-08-29,0,8,7,,2951|3252|3867|4003|4334|4624|5096|5872
player_transfer,Prime League Second Division,development,Hitpoint Masters,regional,4,2024-01-23,2025-02-08,0,4,4,,4528|4773|4950|5446
player_transfer,Prime League Second Division,development,LFL,regional,2,2023-05-31,2026-01-22,0,2,2,,2048|5468
player_transfer,Prime League Second Division,development,LIT,regional,1,2024-05-30,2024-05-30,0,1,1,,5569
player_transfer,Prime League Second Division,development,LPLOL,regional,3,2024-01-25,2025-08-14,0,3,3,,5114|5185|5471
player_transfer,Prime League Second Division,development,NLC,regional,6,2023-06-06,2026-01-29,0,6,5,,3484|5098|5099|5103|5105|884
player_transfer,Prime League Second Division,development,Prime League,regional,34,2023-09-12,2026-04-01,0,33,15,,1081|1112|1568|1949|2277|2297|2424|2587|3204|3366|3481|3868|4070|4096|4389|459|4685|4929|5100|5102|5104|5110|5113|5116|5117|5181|5191|5194|5466|5467|5536|5684|5685
player_transfer,Prime League Second Division,development,Road of Legends,regional,3,2024-06-04,2025-02-13,0,3,3,,5008|5478|5675
player_transfer,Prime League Second Division,development,SuperLiga Second Division,development,2,2023-05-31,2024-01-19,0,2,2,,3504|3509
player_transfer,Prime League Second Division,development,TCL,regional,2,2024-01-25,2024-01-25,0,2,1,,2892|4315
player_transfer,Prime League Second Division,development,Ultraliga,regional,3,2023-05-29,2024-06-04,0,3,3,,2270|4646|5111
player_transfer,REL,regional,EBL,regional,14,2021-01-25,2022-02-14,0,14,7,,111|2969|2970|2971|2972|2973|2974|2975|2988|2991|3002|3005|3008|3009
player_transfer,REL,regional,HLL,regional,1,2023-01-24,2023-01-24,0,1,1,,3034
player_transfer,REL,regional,Hitpoint Masters,regional,1,2021-02-18,2021-02-18,0,1,1,,2985
player_transfer,REL,regional,LFL,regional,1,2021-01-19,2021-01-19,0,1,1,,2980
player_transfer,REL,regional,LPLOL,regional,2,2021-01-25,2021-10-30,0,2,2,,1614|2999
player_transfer,REL,regional,NLC,regional,2,2021-01-20,2023-06-06,0,2,2,,2981|3010
player_transfer,REL,regional,Road of Legends,regional,3,2021-06-01,2022-01-17,0,3,2,,2996|3000|3001
player_transfer,REL,regional,SuperLiga,regional,1,2020-06-29,2020-06-29,0,1,1,,2978
player_transfer,Rift Legends,regional,Arabian League,regional,2,2025-04-09,2025-07-14,0,2,2,,4642|5546
player_transfer,Rift Legends,regional,EBL,regional,2,2025-04-09,2025-08-12,0,2,2,,3290|6322
player_transfer,Rift Legends,regional,HLL,regional,4,2025-04-01,2025-07-20,0,4,4,,1823|1952|3051|870
player_transfer,Rift Legends,regional,Hitpoint Masters,regional,7,2025-07-19,2026-04-16,0,7,7,,1470|4028|5401|5427|6083|6323|6810
player_transfer,Rift Legends,regional,LES,regional,1,2026-02-13,2026-02-13,0,1,1,,4643
player_transfer,Rift Legends,regional,LFL,regional,2,2025-07-24,2026-01-22,0,2,2,,5618|5991
player_transfer,Rift Legends,regional,LIT,regional,3,2025-04-03,2025-04-18,0,3,3,,234|5455|5990
player_transfer,Rift Legends,regional,LPLOL,regional,1,2025-08-07,2025-08-07,0,1,1,,5988
player_transfer,Rift Legends,regional,NLC,regional,3,2025-04-03,2025-07-15,0,3,3,,1800|3903|5224
player_transfer,Rift Legends,regional,Road of Legends,regional,3,2025-07-15,2026-04-02,0,3,3,,5709|6322|6324
player_transfer,Rift Legends,regional,TCL,regional,1,2026-04-10,2026-04-10,0,1,1,,5561
player_transfer,Road of Legends,regional,Arabian League,regional,8,2023-02-01,2026-01-13,0,8,8,,1480|1844|1957|2585|3002|3028|5066|5242
player_transfer,Road of Legends,regional,EBL,regional,25,2021-06-14,2026-04-16,0,25,25,,1487|1822|2837|2838|2846|2849|2899|2962|2988|3000|3001|3402|3506|3577|3606|3831|3857|4068|4354|4560|4621|4682|4708|5460|5817
player_transfer,Road of Legends,regional,HLL,regional,13,2021-06-14,2026-04-29,0,13,13,,3228|3364|3390|3508|3835|3861|4681|5008|5052|5709|5774|6081|768
player_transfer,Road of Legends,regional,Hitpoint Masters,regional,9,2021-06-17,2025-07-19,0,9,9,,2783|3359|3371|3381|4645|4979|5224|6105|796
player_transfer,Road of Legends,regional,LCO,minor_top_level,1,2023-01-23,2023-01-23,0,1,1,,1991
player_transfer,Road of Legends,regional,LFL,regional,3,2025-01-22,2026-01-22,0,3,2,,4992|5532|5533
player_transfer,Road of Legends,regional,LFL Div2,development,10,2022-05-30,2025-01-11,0,10,9,,1484|2996|3372|3383|3874|4393|4684|5006|5125|5131
player_transfer,Road of Legends,regional,LIT,regional,13,2022-01-18,2025-04-03,0,13,13,,1213|1843|2016|2058|2105|2333|3081|3358|3833|4629|5008|5321|5793
player_transfer,Road of Legends,regional,LPLOL,regional,12,2021-06-07,2026-02-19,0,12,12,,2940|2969|2996|3009|3366|3828|3848|4658|5454|6218|6391|6449
player_transfer,Road of Legends,regional,NLC,regional,16,2021-06-03,2025-07-15,0,16,15,,1487|1587|2312|3381|3477|3889|3950|4392|4495|4626|4979|5219|5234|5235|5527|5833
player_transfer,Road of Legends,regional,Prime League,regional,6,2022-01-11,2026-02-12,0,6,5,,3170|3226|3383|4092|4681|5102
player_transfer,Road of Legends,regional,Prime League Second Division,development,8,2023-01-09,2024-05-20,0,8,8,,2951|3165|3484|3504|4685|4835|5008|5446
player_transfer,Road of Legends,regional,Rift Legends,regional,1,2025-01-29,2025-01-29,0,1,1,,5455
player_transfer,Road of Legends,regional,SuperLiga,regional,5,2022-01-10,2025-07-15,0,5,5,,3369|4528|5022|5225|5816
player_transfer,Road of Legends,regional,SuperLiga Second Division,development,4,2022-05-31,2023-02-22,0,4,4,,1589|3368|4096|4654
player_transfer,Road of Legends,regional,TCL,regional,3,2024-05-30,2026-01-21,0,3,3,,2507|4723|5456
player_transfer,Road of Legends,regional,Ultraliga,regional,8,2021-06-08,2024-06-04,0,8,7,,1961|2312|3360|3380|3404|3855|4696|5449
player_transfer,SuperLiga,regional,Arabian League,regional,7,2024-05-23,2026-04-10,0,7,6,,1749|1816|1839|2011|2119|2729|2988
player_transfer,SuperLiga,regional,CBLOL,minor_top_level,1,2026-01-17,2026-01-17,0,1,1,,4234
player_transfer,SuperLiga,regional,Circuito Desafiante,development,2,2020-02-03,2025-03-18,0,2,2,,1042|1335
player_transfer,SuperLiga,regional,EBL,regional,10,2021-01-25,2026-02-18,0,10,10,,1481|1579|1820|2131|2355|2434|2978|4353|5525|905
player_transfer,SuperLiga,regional,HLL,regional,17,2021-01-18,2026-03-31,0,15,14,,1729|2118|2262|2529|2850|2949|3000|3463|3785|3891|4671|4901|4982|5766|868
player_transfer,SuperLiga,regional,Hitpoint Masters,regional,15,2018-08-07,2026-05-06,0,14,15,,1483|1565|1584|1616|1619|1660|1810|1842|2335|2713|3681|3852|4051|5816
player_transfer,SuperLiga,regional,LCL,minor_top_level,3,2020-06-20,2022-02-12,0,3,3,,1342|1861|3501
player_transfer,SuperLiga,regional,LEC,major,34,2019-01-18,2026-01-17,0,30,26,,1070|1209|1465|1466|1477|1491|1495|1500|1577|1579|1800|1948|2185|2206|2526|2658|2717|2719|298|3079|3422|3466|3996|4248|4310|4316|4326|4634|4793|791
player_transfer,SuperLiga,regional,LES,regional,21,2026-02-13,2026-04-08,0,21,13,,1086|1216|1862|1948|2361|3269|3582|3587|3695|3705|4321|4348|4672|5199|522|5428|5429|5435|5750|5891|5928
player_transfer,SuperLiga,regional,LFL,regional,48,2019-01-22,2026-01-22,0,46,46,,1216|1313|1314|1335|1473|1475|1490|1498|156|1565|1566|1570|1587|1602|1618|1620|1815|1816|1819|1831|1935|2049|2131|2135|2426|2586|2681|2836|2850|3043|3457|3574|3845|3903|3978|3998|4008|4107|4434|4528|4901|5225|557|5833|728|809
player_transfer,SuperLiga,regional,LFL Div2,development,15,2021-06-14,2025-04-12,0,15,14,,1203|1493|1823|2061|2352|2939|2969|3076|3269|3290|3492|4006|4021|5256|800
player_transfer,SuperLiga,regional,LIT,regional,27,2019-01-27,2026-04-01,0,27,27,,1149|1470|1563|1614|1617|1800|1853|1874|2100|2119|2131|2163|2340|2404|2722|2834|2981|3050|3270|3502|3871|427|4563|5246|870|875|906
player_transfer,SuperLiga,regional,LPLOL,regional,3,2020-01-18,2023-01-26,0,3,3,,1733|1747|1750
player_transfer,SuperLiga,regional,NA Academy,development,1,2021-01-20,2021-01-20,0,1,1,,729
player_transfer,SuperLiga,regional,NLC,regional,36,2019-02-14,2026-01-15,0,36,36,,1070|1086|125|1399|1480|1489|1493|1496|1599|1600|1816|1844|2116|2128|2586|2596|2703|2720|2739|2961|3028|3466|3468|3509|3871|4008|4637|4671|5193|5243|554|646|654|796|851|899
player_transfer,SuperLiga,regional,Prime League,regional,44,2020-01-21,2026-02-12,0,43,42,,1207|1344|1473|1474|1495|1575|1594|1599|1600|1620|1839|1846|1849|1949|2046|2059|2132|2255|2341|2362|2404|2428|2460|2704|2834|2885|2887|2969|305|3077|3258|3465|3480|3861|4328|4994|5073|5193|5948|731|875|879|987
player_transfer,SuperLiga,regional,Prime League Second Division,development,4,2023-01-09,2024-01-16,0,4,4,,1949|3481|3591|4929
player_transfer,SuperLiga,regional,Rift Legends,regional,2,2025-01-28,2026-02-14,0,2,2,,1954|3902
player_transfer,SuperLiga,regional,Road of Legends,regional,3,2021-06-01,2025-02-13,0,3,3,,1487|1589|3477
player_transfer,SuperLiga,regional,SuperLiga Second Division,development,24,2022-05-31,2024-06-14,0,22,23,,1488|1563|1600|1617|1742|1949|2118|2131|2220|2361|2378|2489|2527|2713|2716|301|3075|3271|3463|4118|4793|810
player_transfer,SuperLiga,regional,TCL,minor_top_level,6,2018-06-16,2020-02-01,0,6,6,,1078|1476|1484|1596|1800|1826
player_transfer,SuperLiga,regional,TCL,regional,6,2024-05-30,2026-04-10,0,6,6,,1334|3422|3845|4563|4567|4722
player_transfer,SuperLiga,regional,Ultraliga,regional,25,2018-10-22,2024-01-16,0,23,24,,1216|1335|1339|1468|1470|1492|1494|1501|1562|1577|1601|1618|1819|1829|1946|1963|2130|2255|2277|2794|559|868|949
player_transfer,SuperLiga Second Division,development,Arabian League,regional,2,2024-02-08,2025-02-14,0,2,2,,4656|4728
player_transfer,SuperLiga Second Division,development,EBL,regional,3,2024-01-31,2025-02-05,0,3,3,,3002|4621|4658
player_transfer,SuperLiga Second Division,development,HLL,regional,10,2023-01-24,2025-05-06,0,10,10,,1617|2017|2163|2585|2831|3447|3491|4653|4668|5436
player_transfer,SuperLiga Second Division,development,Hitpoint Masters,regional,7,2024-01-23,2025-07-19,0,7,5,,1488|3504|4004|4647|4654|4821|5319
player_transfer,SuperLiga Second Division,development,LES,regional,4,2026-02-13,2026-02-13,0,4,4,,4651|4653|5426|5430
player_transfer,SuperLiga Second Division,development,LFL Div2,development,5,2023-01-10,2025-08-16,0,5,5,,3205|3216|4667|4670|5749
player_transfer,SuperLiga Second Division,development,LIT,regional,4,2023-01-26,2024-05-23,0,4,4,,1345|1488|1741|4654
player_transfer,SuperLiga Second Division,development,LPLOL,regional,3,2023-06-05,2025-02-12,0,3,3,,2978|3093|4954
player_transfer,SuperLiga Second Division,development,NLC,regional,13,2023-01-24,2025-07-16,0,13,12,,1742|2118|2521|3000|3294|3508|3872|4652|4671|4951|5307|5431|5434
player_transfer,SuperLiga Second Division,development,Prime League,regional,3,2023-01-19,2025-01-22,0,3,3,,4367|4664|5750
player_transfer,SuperLiga Second Division,development,Prime League Second Division,development,7,2023-01-09,2024-05-20,0,7,7,,3600|4096|4315|4334|4657|4950|657
player_transfer,SuperLiga Second Division,development,Rift Legends,regional,2,2025-01-28,2026-02-14,0,2,2,,3980|5427
player_transfer,SuperLiga Second Division,development,Road of Legends,regional,4,2022-06-29,2025-02-25,0,4,4,,3226|3368|4654|5744
player_transfer,SuperLiga Second Division,development,SuperLiga,regional,46,2023-01-16,2025-04-22,0,43,24,,1482|1563|1600|1617|1935|1949|2118|2131|2179|2335|2361|2713|2794|2834|2949|2969|2981|301|3043|3075|3269|3271|3290|3463|3509|3978|4011|4386|4649|4661|4672|4793|4901|4951|4952|508|5199|522|5256|5428|5429|5435|5766
player_transfer,SuperLiga Second Division,development,TCL,regional,1,2024-01-25,2024-01-25,0,1,1,,3563
player_transfer,SuperLiga Second Division,development,Ultraliga,regional,2,2024-01-16,2024-06-04,0,2,2,,4642|4999
player_transfer,TCL,minor_top_level,Arabian League,regional,4,2023-02-01,2023-07-18,0,4,4,,1550|2353|2914|4421
player_transfer,TCL,minor_top_level,Baltic Masters,regional,1,2021-02-23,2021-02-23,0,1,1,,658
player_transfer,TCL,minor_top_level,CBLOL,minor_top_level,6,2018-06-10,2023-01-21,0,6,6,,113|1147|1995|2349|4249|694
player_transfer,TCL,minor_top_level,EBL,regional,4,2021-01-25,2023-06-09,0,4,4,,1334|2010|3790|4451
player_transfer,TCL,minor_top_level,HLL,regional,9,2021-01-18,2024-05-21,0,8,8,,1186|1345|1717|1910|2017|3038|3554|665
player_transfer,TCL,minor_top_level,Hitpoint Masters,regional,2,2019-02-17,2022-01-17,0,2,2,,3921|3951
player_transfer,TCL,minor_top_level,LCK,major,8,2018-06-20,2022-07-17,0,7,8,,108|1644|393|450|584|79|984
player_transfer,TCL,minor_top_level,LCK CL,development,4,2020-03-27,2024-01-18,0,4,4,,4744|601|652|985
player_transfer,TCL,minor_top_level,LCL,minor_top_level,6,2018-07-21,2022-02-12,0,6,5,,1312|1314|1344|1349|1578|899
player_transfer,TCL,minor_top_level,LCS,major,4,2019-01-26,2023-01-26,0,4,4,,1084|1310|1638|4411
player_transfer,TCL,minor_top_level,LCS Proving Grounds,development,1,2022-08-05,2022-08-05,0,1,1,,1719
player_transfer,TCL,minor_top_level,LEC,major,6,2019-01-18,2021-01-22,0,6,6,,1308|1639|214|2245|2420|247
player_transfer,TCL,minor_top_level,LFL,regional,9,2019-05-21,2024-01-17,0,8,9,,1507|1640|1642|2233|3782|4427|4454|582
player_transfer,TCL,minor_top_level,LFL Div2,development,2,2022-01-24,2022-07-25,0,2,2,,2012|2392
player_transfer,TCL,minor_top_level,LIT,regional,7,2019-02-24,2024-01-25,0,7,7,,1156|1338|1642|1826|2908|3704|4723
player_transfer,TCL,minor_top_level,LJL,minor_top_level,5,2019-01-19,2023-02-18,0,5,5,,1126|1384|2194|336|4255
player_transfer,TCL,minor_top_level,LLA,minor_top_level,9,2020-02-15,2023-01-25,0,8,9,,1251|1548|2228|2812|4739|53|581|641
player_transfer,TCL,minor_top_level,LPL,major,2,2018-07-30,2023-02-09,0,2,2,,4251|88
player_transfer,TCL,minor_top_level,LPLOL,regional,2,2018-05-28,2023-06-05,0,2,2,,1335|832
player_transfer,TCL,minor_top_level,NA Academy,development,5,2020-01-25,2022-07-13,0,5,5,,1254|1792|2242|2914|719
player_transfer,TCL,minor_top_level,NACL,development,1,2023-01-29,2023-01-29,0,1,1,,2013
player_transfer,TCL,minor_top_level,NLC,regional,10,2019-02-14,2024-01-24,0,9,10,,1078|1476|1539|1596|1816|2314|2742|4740|666
player_transfer,TCL,minor_top_level,Prime League,regional,5,2020-01-21,2025-07-15,0,5,5,,1145|1858|2232|2434|582
player_transfer,TCL,minor_top_level,Prime League Second Division,development,1,2023-01-09,2023-01-09,0,1,1,,2890
player_transfer,TCL,minor_top_level,Road of Legends,regional,5,2021-01-11,2024-06-04,0,5,5,,1484|1598|2016|2507|3170
player_transfer,TCL,minor_top_level,SuperLiga,regional,9,2019-01-30,2021-01-18,0,9,9,,1313|1314|1335|1577|1579|2340|2352|305|796
player_transfer,TCL,minor_top_level,SuperLiga Second Division,development,3,2022-05-31,2023-01-18,0,3,3,,3043|3563|508
player_transfer,TCL,minor_top_level,TCL Div2,development,6,2024-01-18,2024-03-12,0,6,6,,1552|2763|2765|3157|3172|4435
player_transfer,TCL,minor_top_level,Turkey Academy,development,25,2022-01-20,2022-07-14,0,20,19,,2015|2175|2872|3042|3133|3158|3161|3162|3169|3191|3553|3693|3922|4018|4066|4121|4249|4413|4436|4455
player_transfer,TCL,minor_top_level,Ultraliga,regional,7,2018-10-22,2023-01-16,0,7,7,,1578|1716|1721|1800|3160|3163|3564
player_transfer,TCL,regional,Arabian League,regional,7,2023-06-13,2026-04-15,0,7,7,,2231|2350|3039|4453|6256|665|791
player_transfer,TCL,regional,CBLOL,minor_top_level,4,2024-01-20,2026-01-17,0,4,4,,2649|2667|3422|4244
player_transfer,TCL,regional,Circuito Desafiante,development,1,2025-03-18,2025-03-18,0,1,1,,2245
player_transfer,TCL,regional,EBL,regional,4,2024-05-23,2026-01-28,0,4,4,,1578|1579|2586|4256
player_transfer,TCL,regional,HLL,regional,9,2024-02-13,2026-03-31,0,9,8,,1344|1552|2353|2392|2908|3921|4437|4491|4843
player_transfer,TCL,regional,Hitpoint Masters,regional,1,2025-02-08,2025-02-08,0,1,1,,4490
player_transfer,TCL,regional,LCK CL,development,3,2023-06-05,2026-01-12,0,3,3,,3356|3439|4232
player_transfer,TCL,regional,LCP,minor_top_level,3,2025-07-26,2025-07-27,0,3,3,,1333|1438|3236
player_transfer,TCL,regional,LCS,major,1,2026-01-24,2026-01-24,0,1,1,,4923
player_transfer,TCL,regional,LEC,major,3,2025-08-03,2026-03-29,0,3,3,,1208|3441|4572
player_transfer,TCL,regional,LES,regional,2,2026-02-13,2026-02-13,0,2,1,,4727|4921
player_transfer,TCL,regional,LFL,regional,15,2023-05-31,2026-05-07,0,15,14,,1152|1314|2649|3097|3231|3995|4008|4244|4411|4432|4455|4664|4723|5192|5974
player_transfer,TCL,regional,LFL Div2,development,5,2024-01-19,2025-09-06,0,5,5,,1146|3782|4315|4567|5456
player_transfer,TCL,regional,LIT,regional,4,2023-06-08,2026-04-01,0,4,4,,1551|4317|4440|5499
player_transfer,TCL,regional,LJL,minor_top_level,4,2024-01-20,2026-02-22,0,4,4,,1247|2653|3238|3351
player_transfer,TCL,regional,LLA,minor_top_level,3,2023-02-28,2024-01-17,0,3,3,,1233|1904|3325
player_transfer,TCL,regional,LPL,major,1,2023-12-28,2023-12-28,0,1,1,,758
player_transfer,TCL,regional,LPLOL,regional,8,2025-04-17,2026-04-29,0,8,8,,3553|4431|4438|4440|5559|5651|5718|6326
player_transfer,TCL,regional,LRN,development,1,2026-03-02,2026-03-02,0,1,1,,3717
player_transfer,TCL,regional,LTA,major,2,2025-07-27,2025-07-27,0,2,2,,2653|3743
player_transfer,TCL,regional,NLC,regional,4,2023-06-06,2026-01-15,0,4,4,,1819|4563|5455|651
player_transfer,TCL,regional,PCS,minor_top_level,1,2025-04-08,2025-04-08,0,1,1,,3899
player_transfer,TCL,regional,Prime League,regional,4,2024-01-17,2026-02-12,0,4,4,,1334|2764|3046|3705
player_transfer,TCL,regional,Rift Legends,regional,3,2025-01-28,2026-04-01,0,3,3,,1087|4456|4723
player_transfer,TCL,regional,Road of Legends,regional,2,2025-02-11,2026-01-13,0,2,2,,2892|3782
player_transfer,TCL,regional,SuperLiga,regional,7,2024-05-22,2025-07-15,0,7,6,,2011|2434|2729|4248|4321|4567|4671
player_transfer,TCL,regional,TCL Div2,development,1,2024-06-24,2024-06-24,0,1,1,,4735
player_transfer,TCL,regional,Ultraliga,regional,3,2024-01-16,2024-07-16,0,3,3,,2014|3899|4754
player_transfer,TCL Div2,development,EBL,regional,5,2024-05-23,2026-02-25,0,5,5,,1480|4436|5483|5626|5651
player_transfer,TCL Div2,development,HLL,regional,2,2025-01-21,2025-07-19,0,2,2,,5509|5512
player_transfer,TCL Div2,development,LIT,regional,5,2024-05-23,2026-04-01,0,5,5,,4736|5490|5500|5506|5510
player_transfer,TCL Div2,development,LPLOL,regional,2,2025-02-11,2025-02-13,0,2,2,,5836|5837
player_transfer,TCL Div2,development,NLC,regional,1,2024-06-18,2024-06-18,0,1,1,,5570
player_transfer,TCL Div2,development,Prime League,regional,1,2025-07-16,2025-07-16,0,1,1,,5484
player_transfer,TCL Div2,development,Road of Legends,regional,1,2024-06-04,2024-06-04,0,1,1,,5480
player_transfer,TCL Div2,development,SuperLiga,regional,1,2025-04-08,2025-04-08,0,1,1,,4722
player_transfer,TCL Div2,development,TCL,regional,17,2024-05-30,2026-04-09,0,17,15,,1552|2765|3042|4066|4423|4438|4491|4548|4735|5481|5485|5499|5504|5688|5696|5697|5711
player_transfer,Turkey Academy,development,Arabian League,regional,3,2023-07-26,2024-02-08,0,3,3,,4321|4490|4509
player_transfer,Turkey Academy,development,HLL,regional,5,2023-01-24,2024-05-21,0,5,5,,2872|3922|4416|4722|4738
player_transfer,Turkey Academy,development,LFL Div2,development,1,2024-01-19,2024-01-19,0,1,1,,4727
player_transfer,Turkey Academy,development,LIT,regional,8,2023-01-26,2024-01-25,0,8,8,,4018|4434|4437|4439|4720|4721|4728|4733
player_transfer,Turkey Academy,development,LPLOL,regional,1,2026-02-13,2026-02-13,0,1,1,,4864
player_transfer,Turkey Academy,development,NLC,regional,2,2024-01-24,2025-07-16,0,2,2,,3162|4843
player_transfer,Turkey Academy,development,Prime League Second Division,development,1,2024-05-20,2024-05-20,0,1,1,,4422
player_transfer,Turkey Academy,development,TCL,minor_top_level,17,2022-01-23,2022-07-16,0,15,9,,2175|2872|3922|4249|4411|4413|4421|4427|4428|4429|4435|4436|4440|4455|4723
player_transfer,Turkey Academy,development,TCL,regional,12,2023-01-26,2025-07-31,0,12,11,,3553|4413|4418|4431|4432|4441|4442|4444|4497|4499|4567|4735
player_transfer,Turkey Academy,development,TCL Div2,development,21,2024-01-18,2024-07-21,0,21,20,,2175|3042|3161|4066|4417|4423|4425|4430|4436|4438|4491|4548|4724|4725|4732|4734|4736|4770|4842|4862|4892
player_transfer,Ultraliga,regional,Arabian League,regional,8,2023-02-15,2025-02-14,0,8,7,,1470|2312|3564|4111|4576|4754|5265|5398
player_transfer,Ultraliga,regional,Baltic Masters,regional,1,2021-01-26,2021-01-26,0,1,1,,2801
player_transfer,Ultraliga,regional,CBLOL,minor_top_level,1,2024-01-20,2024-01-20,0,1,1,,1908
player_transfer,Ultraliga,regional,EBL,regional,12,2021-01-25,2025-02-19,0,11,11,,1957|1963|2436|3053|3288|3290|3380|3470|3763|3902|4343
player_transfer,Ultraliga,regional,HLL,regional,17,2021-01-18,2025-01-21,0,16,17,,1088|1721|1937|2147|2406|2728|3051|3163|3404|3469|3582|3900|3903|4819|5399|5813
player_transfer,Ultraliga,regional,Hitpoint Masters,regional,14,2020-06-21,2025-02-08,0,14,14,,1494|1760|1824|1866|2038|2136|2272|2310|2311|2457|3052|3171|3249|5192
player_transfer,Ultraliga,regional,LCL,minor_top_level,2,2021-03-13,2021-06-26,0,2,2,,2310|3014
player_transfer,Ultraliga,regional,LCO,minor_top_level,1,2023-06-19,2023-06-19,0,1,1,,2384
player_transfer,Ultraliga,regional,LEC,major,20,2019-01-18,2024-01-13,0,16,10,,1113|1501|1601|1618|1716|2046|2130|26|31|3320|3442|640|791|808|9|945
player_transfer,Ultraliga,regional,LFL,regional,12,2020-01-21,2025-01-22,0,12,12,,1468|1815|1820|1823|1829|1942|1946|234|2422|868|892|9
player_transfer,Ultraliga,regional,LFL Div2,development,6,2023-01-10,2025-04-12,0,6,6,,2801|3285|3289|4648|4907|5400
player_transfer,Ultraliga,regional,LIT,regional,30,2019-01-27,2024-05-23,0,28,30,,1342|1562|1800|1848|1935|1937|1940|1946|1947|1948|1956|1957|2123|2148|2161|2277|2730|2731|3051|3054|3290|3833|3855|3873|4127|5195|5536|870
player_transfer,Ultraliga,regional,LPLOL,regional,3,2021-02-01,2024-01-26,0,3,3,,2794|4389|5192
player_transfer,Ultraliga,regional,NA Academy,development,1,2021-01-20,2021-01-20,0,1,1,,1494
player_transfer,Ultraliga,regional,NACL,development,1,2025-07-17,2025-07-17,0,1,1,,3469
player_transfer,Ultraliga,regional,NLC,regional,21,2019-02-14,2025-08-01,0,20,20,,1494|1578|1958|2311|2404|2424|2584|3001|3050|3054|3160|3477|3901|4575|4696|4860|5195|5403|5620|597
player_transfer,Ultraliga,regional,Prime League,regional,18,2020-01-21,2024-05-22,0,18,17,,1474|1577|1952|2255|2402|2428|2475|2587|2729|3289|3343|3587|3903|4326|4332|4650|559|949
player_transfer,Ultraliga,regional,Prime League Second Division,development,6,2023-01-09,2024-01-16,0,5,6,,2270|3366|4646|5111|5194
player_transfer,Ultraliga,regional,Rift Legends,regional,29,2025-01-28,2026-05-07,0,29,24,,1955|2122|2402|2423|2589|2591|2730|3014|3290|3655|3763|3842|4097|4319|4372|4575|4640|4642|4643|4644|4646|4933|4936|4999|5395|5396|5401|5405|5414
player_transfer,Ultraliga,regional,Road of Legends,regional,6,2021-01-11,2024-06-25,0,6,6,,1844|1937|1961|3404|4645|5402
player_transfer,Ultraliga,regional,SuperLiga,regional,23,2019-01-30,2025-01-14,0,21,22,,1216|1335|1470|1494|1800|1815|1819|1823|1829|1946|1949|1954|1963|2046|2255|2885|3477|3891|5193|868|870
player_transfer,Ultraliga,regional,SuperLiga Second Division,development,5,2023-01-18,2023-05-31,0,5,5,,3290|3980|4642|4647|4649
player_transfer,Ultraliga,regional,TCL,regional,3,2025-01-23,2025-01-23,0,3,3,,2014|3899|4257
player_transfer,Ultraliga,regional,TCL Div2,development,1,2024-05-21,2024-05-21,0,1,1,,1480
player_transfer,Ultraliga,regional,Turkey Academy,development,1,2022-02-17,2022-02-17,0,1,1,,4321
player_transfer,VCS,minor_top_level,Arabian League,regional,1,2024-05-30,2024-05-30,0,1,1,,1438
player_transfer,VCS,minor_top_level,Hitpoint Masters,regional,1,2019-08-11,2019-08-11,0,1,1,,1772
player_transfer,VCS,minor_top_level,LCK,major,6,2024-12-01,2025-12-06,0,5,4,,2799|3130|3550|4618|5343
player_transfer,VCS,minor_top_level,LCP,minor_top_level,21,2025-01-17,2026-04-18,0,21,11,,1461|1671|2078|2213|2725|2799|3095|3096|3130|3245|4198|4251|5154|5156|5166|5169|5913|5985|6420|710|974
player_transfer,VCS,minor_top_level,LFL Div2,development,1,2025-07-20,2025-07-20,0,1,1,,3788
player_transfer,VCS,minor_top_level,LLA,minor_top_level,1,2021-02-07,2021-02-07,0,1,1,,3095
player_transfer,VCS,minor_top_level,LPL,major,1,2022-06-12,2022-06-12,0,1,1,,3202
player_transfer,VCS,minor_top_level,NLC,regional,1,2019-02-14,2019-02-14,0,1,1,,1789
player_transfer,VCS,minor_top_level,OPL,minor_top_level,1,2018-08-11,2018-08-11,0,1,1,,1213
player_transfer,VCS,minor_top_level,Rift Legends,regional,1,2025-01-28,2025-01-28,0,1,1,,4922
player_transfer,VCS,minor_top_level,TCL,regional,1,2023-01-26,2023-01-26,0,1,1,,1233
